DECLARE @UserId bigint,
	@Now datetime = GETDATE()

SELECT	@UserId = UserId
FROM	Ident.UserLogin
WHERE	LoginName LIKE 'realpagead@%'

IF NOT EXISTS (SELECT TOP 1 1 FROM[UserManagement].[ControlType])
BEGIN
	SET IDENTITY_INSERT [UserManagement].[ControlType] ON 

	INSERT [UserManagement].[ControlType] ([ControlTypeId], [Name], [Description], [CreatedBy], [CreatedDate])
	VALUES (1, N'Switch', N'True/False/NULL', @UserId, @Now)

	INSERT [UserManagement].[ControlType] ([ControlTypeId], [Name], [Description], [CreatedBy], [CreatedDate])
	VALUES (2, N'Select Grid', N'Single Select Grid', @UserId, @Now)

	INSERT [UserManagement].[ControlType] ([ControlTypeId], [Name], [Description], [CreatedBy], [CreatedDate])
	VALUES (3, N'Multi Select Grid', N'Multiple selection Grid', @UserId, @Now)

	INSERT [UserManagement].[ControlType] ([ControlTypeId], [Name], [Description], [CreatedBy], [CreatedDate])
	VALUES (4, N'Column', N'A column inside a List contrl', @UserId, @Now)

	INSERT [UserManagement].[ControlType] ([ControlTypeId], [Name], [Description], [CreatedBy], [CreatedDate])
	VALUES (5, N'Label', N'A label for informationail purposes', @UserId, @Now)

	INSERT [UserManagement].[ControlType] ([ControlTypeId], [Name], [Description], [CreatedBy], [CreatedDate])
	VALUES (7, N'Radio', N'A member of a group that is mutually exclusive', @UserId, @Now)

	INSERT [UserManagement].[ControlType] ([ControlTypeId], [Name], [Description], [CreatedBy], [CreatedDate])
	VALUES (8, N'Tab Group', N'Tab Group', @UserId, @Now)

	INSERT [UserManagement].[ControlType] ([ControlTypeId], [Name], [Description], [CreatedBy], [CreatedDate])
	VALUES (9, N'Tab', N'Another idiot thing to do promulgated by idiots', @UserId, @Now)

	INSERT [UserManagement].[ControlType] ([ControlTypeId], [Name], [Description], [CreatedBy], [CreatedDate])
	VALUES (10, N'Checkbox', N'Select one or more options of a limited number of choices', @UserId, @Now)

	INSERT [UserManagement].[ControlType] ([ControlTypeId], [Name], [Description], [CreatedBy], [CreatedDate])
	VALUES (11, N'Icon', N'Image', @UserId, @Now)

	INSERT [UserManagement].[ControlType] ([ControlTypeId], [Name], [Description], [CreatedBy], [CreatedDate])
	VALUES (12, N'Grid', N'Readonly', @UserId, @Now)

	SET IDENTITY_INSERT [UserManagement].[ControlType] OFF
END

IF NOT EXISTS (SELECT TOP 1 1 FROM[UserManagement].[Control])
BEGIN
	SET IDENTITY_INSERT [UserManagement].[Control] ON 

	INSERT [UserManagement].[Control] ([ControlId], [ParentControlId], [ControlTypeId], [UIId], [DisplayName], [DataSource], [Sequence], [CreatedBy], [CreatedDate])
	VALUES (3, NULL, 5, N'SomeId', N'Options:', NULL, 1, @UserId, @Now)

	INSERT [UserManagement].[Control] ([ControlId], [ParentControlId], [ControlTypeId], [UIId], [DisplayName], [DataSource], [Sequence], [CreatedBy], [CreatedDate])
	VALUES (4, NULL, 1, N'SomeId', N'Access to Site SpendManagement only', NULL, 2, @UserId, @Now)

	INSERT [UserManagement].[Control] ([ControlId], [ParentControlId], [ControlTypeId], [UIId], [DisplayName], [DataSource], [Sequence], [CreatedBy], [CreatedDate])
	VALUES (5, NULL, 1, N'SomeId', N'Allow access to all current and future entities', NULL, 3, @UserId, @Now)

	INSERT [UserManagement].[Control] ([ControlId], [ParentControlId], [ControlTypeId], [UIId], [DisplayName], [DataSource], [Sequence], [CreatedBy], [CreatedDate])
	VALUES (6, NULL, 1, N'SomeId', N'Accounting Admin', NULL, 4, @UserId, @Now)

	INSERT [UserManagement].[Control] ([ControlId], [ParentControlId], [ControlTypeId], [UIId], [DisplayName], [DataSource], [Sequence], [CreatedBy], [CreatedDate])
	VALUES (42, NULL, 2, N'SelectGridId', NULL, NULL, 1, @UserId, @Now)

	INSERT [UserManagement].[Control] ([ControlId], [ParentControlId], [ControlTypeId], [UIId], [DisplayName], [DataSource], [Sequence], [CreatedBy], [CreatedDate])
	VALUES (43, 42, 4, N'RoleColumnUIId', N'Role', NULL, 1, @UserId, @Now)

	INSERT [UserManagement].[Control] ([ControlId], [ParentControlId], [ControlTypeId], [UIId], [DisplayName], [DataSource], [Sequence], [CreatedBy], [CreatedDate])
	VALUES (44, 43, 5, N'RoleLabelUIId', NULL, N'RoleLabelDataSourceId', 1, @UserId, @Now)

	INSERT [UserManagement].[Control] ([ControlId], [ParentControlId], [ControlTypeId], [UIId], [DisplayName], [DataSource], [Sequence], [CreatedBy], [CreatedDate])
	VALUES (59, NULL, 8, N'FinincialSuiteTabControlGroupUIId', NULL, NULL, 5, @UserId, @Now)

	INSERT [UserManagement].[Control] ([ControlId], [ParentControlId], [ControlTypeId], [UIId], [DisplayName], [DataSource], [Sequence], [CreatedBy], [CreatedDate])
	VALUES (60, 59, 9, N'CompanyTabUIId', N'Companies', NULL, 1, @UserId, @Now)

	INSERT [UserManagement].[Control] ([ControlId], [ParentControlId], [ControlTypeId], [UIId], [DisplayName], [DataSource], [Sequence], [CreatedBy], [CreatedDate])
	VALUES (61, 59, 9, N'EntitiesTabUIId', N'Entities', NULL, 2, @UserId, @Now)

	INSERT [UserManagement].[Control] ([ControlId], [ParentControlId], [ControlTypeId], [UIId], [DisplayName], [DataSource], [Sequence], [CreatedBy], [CreatedDate])
	VALUES (62, 59, 9, N'RolesTabUIId', N'Roles', NULL, 3, @UserId, @Now)

	INSERT [UserManagement].[Control] ([ControlId], [ParentControlId], [ControlTypeId], [UIId], [DisplayName], [DataSource], [Sequence], [CreatedBy], [CreatedDate])
	VALUES (63, NULL, 8, N'PropectContactCenterTabGroupUIId', NULL, NULL, 1, @UserId, @Now)

	INSERT [UserManagement].[Control] ([ControlId], [ParentControlId], [ControlTypeId], [UIId], [DisplayName], [DataSource], [Sequence], [CreatedBy], [CreatedDate])
	VALUES (65, 63, 9, N'PropertiesTabUIId', N'Properties', NULL, 1, @UserId, @Now)

	INSERT [UserManagement].[Control] ([ControlId], [ParentControlId], [ControlTypeId], [UIId], [DisplayName], [DataSource], [Sequence], [CreatedBy], [CreatedDate])
	VALUES (25, 65, 7, N'RadioButtonId', N'Active Properties', N'active', 1, @UserId, @Now)

	INSERT [UserManagement].[Control] ([ControlId], [ParentControlId], [ControlTypeId], [UIId], [DisplayName], [DataSource], [Sequence], [CreatedBy], [CreatedDate])
	VALUES (26, 65, 7, N'RadioButtonId', N'Inactive Properties', N'inactive', 2, @UserId, @Now)

	INSERT [UserManagement].[Control] ([ControlId], [ParentControlId], [ControlTypeId], [UIId], [DisplayName], [DataSource], [Sequence], [CreatedBy], [CreatedDate])
	VALUES (27, 65, 7, N'RadioButtonId', N'All Properties', N'allProperties', 3, @UserId, @Now)

	INSERT [UserManagement].[Control] ([ControlId], [ParentControlId], [ControlTypeId], [UIId], [DisplayName], [DataSource], [Sequence], [CreatedBy], [CreatedDate])
	VALUES (66, NULL, 8, N'ClientPortalProductAccessTabGroupUIId', NULL, NULL, 1, @UserId, @Now)

	INSERT [UserManagement].[Control] ([ControlId], [ParentControlId], [ControlTypeId], [UIId], [DisplayName], [DataSource], [Sequence], [CreatedBy], [CreatedDate])
	VALUES (67, 66, 9, N'clientProtalPropertiesTabUIid', N'Properties', NULL, 1, @UserId, @Now)

	INSERT [UserManagement].[Control] ([ControlId], [ParentControlId], [ControlTypeId], [UIId], [DisplayName], [DataSource], [Sequence], [CreatedBy], [CreatedDate])
	VALUES (35, 67, 7, N'RadioControId', N'Single Property', N'property', 1, @UserId, @Now)

	INSERT [UserManagement].[Control] ([ControlId], [ParentControlId], [ControlTypeId], [UIId], [DisplayName], [DataSource], [Sequence], [CreatedBy], [CreatedDate])
	VALUES (36, 67, 7, N'RadioControlId', N'All Properties', N'allProperties', 2, @UserId, @Now)

	INSERT [UserManagement].[Control] ([ControlId], [ParentControlId], [ControlTypeId], [UIId], [DisplayName], [DataSource], [Sequence], [CreatedBy], [CreatedDate])
	VALUES (68, 66, 9, N'ClientPortalRolesTabUIId', N'Roles', NULL, 2, @UserId, @Now)

	INSERT [UserManagement].[Control] ([ControlId], [ParentControlId], [ControlTypeId], [UIId], [DisplayName], [DataSource], [Sequence], [CreatedBy], [CreatedDate])
	VALUES (69, 60, 3, N'FSPACompMultiSelectgridUIId', NULL, NULL, 1, @UserId, @Now)

	INSERT [UserManagement].[Control] ([ControlId], [ParentControlId], [ControlTypeId], [UIId], [DisplayName], [DataSource], [Sequence], [CreatedBy], [CreatedDate])
	VALUES (8, 69, 5, N'SomeId', N'ID', N'id', 2, @UserId, @Now)

	INSERT [UserManagement].[Control] ([ControlId], [ParentControlId], [ControlTypeId], [UIId], [DisplayName], [DataSource], [Sequence], [CreatedBy], [CreatedDate])
	VALUES (9, 69, 5, N'SomeId', N'Name', N'name', 3, @UserId, @Now)

	INSERT [UserManagement].[Control] ([ControlId], [ParentControlId], [ControlTypeId], [UIId], [DisplayName], [DataSource], [Sequence], [CreatedBy], [CreatedDate])
	VALUES (22, 69, 10, N'SomeId', NULL, N'isAssigned', 1, @UserId, @Now)

	INSERT [UserManagement].[Control] ([ControlId], [ParentControlId], [ControlTypeId], [UIId], [DisplayName], [DataSource], [Sequence], [CreatedBy], [CreatedDate])
	VALUES (70, 61, 3, N'FSPACENTitiesMultiSelectgridUIId', NULL, NULL, 2, @UserId, @Now)

	INSERT [UserManagement].[Control] ([ControlId], [ParentControlId], [ControlTypeId], [UIId], [DisplayName], [DataSource], [Sequence], [CreatedBy], [CreatedDate])
	VALUES (11, 70, 5, N'SomeId', N'Entity ID', N'propertyId', 2, @UserId, @Now)

	INSERT [UserManagement].[Control] ([ControlId], [ParentControlId], [ControlTypeId], [UIId], [DisplayName], [DataSource], [Sequence], [CreatedBy], [CreatedDate])
	VALUES (13, 70, 5, N'SomeId', N'Entity Name', N'propertyName', 3, @UserId, @Now)

	INSERT [UserManagement].[Control] ([ControlId], [ParentControlId], [ControlTypeId], [UIId], [DisplayName], [DataSource], [Sequence], [CreatedBy], [CreatedDate])
	VALUES (14, 70, 5, N'SomeId', N'Company ID', N'companyId', 4, @UserId, @Now)

	INSERT [UserManagement].[Control] ([ControlId], [ParentControlId], [ControlTypeId], [UIId], [DisplayName], [DataSource], [Sequence], [CreatedBy], [CreatedDate])
	VALUES (15, 70, 5, N'SomeId', N'Company Name', N'companyName', 5, @UserId, @Now)

	INSERT [UserManagement].[Control] ([ControlId], [ParentControlId], [ControlTypeId], [UIId], [DisplayName], [DataSource], [Sequence], [CreatedBy], [CreatedDate])
	VALUES (18, 70, 10, N'SomeId', NULL, N'isAssigned', 1, @UserId, @Now)

	INSERT [UserManagement].[Control] ([ControlId], [ParentControlId], [ControlTypeId], [UIId], [DisplayName], [DataSource], [Sequence], [CreatedBy], [CreatedDate])
	VALUES (71, 62, 3, N'FSPARolesMultiSelectgridUIId', NULL, NULL, 1, @UserId, @Now)

	INSERT [UserManagement].[Control] ([ControlId], [ParentControlId], [ControlTypeId], [UIId], [DisplayName], [DataSource], [Sequence], [CreatedBy], [CreatedDate])
	VALUES (17, 71, 10, N'SomeId', NULL, N'isAssigned', 1, @UserId, @Now)

	INSERT [UserManagement].[Control] ([ControlId], [ParentControlId], [ControlTypeId], [UIId], [DisplayName], [DataSource], [Sequence], [CreatedBy], [CreatedDate])
	VALUES (24, 71, 5, N'SomeId', N'Role', N'name', 2, @UserId, @Now)

	INSERT [UserManagement].[Control] ([ControlId], [ParentControlId], [ControlTypeId], [UIId], [DisplayName], [DataSource], [Sequence], [CreatedBy], [CreatedDate])
	VALUES (72, 65, 2, N'PCCPAcessSelectgridUIId', NULL, NULL, 4, @UserId, @Now)

	INSERT [UserManagement].[Control] ([ControlId], [ParentControlId], [ControlTypeId], [UIId], [DisplayName], [DataSource], [Sequence], [CreatedBy], [CreatedDate])
	VALUES (29, 72, 5, N'NameColumnId', N'Name', N'name', 2, @UserId, @Now)

	INSERT [UserManagement].[Control] ([ControlId], [ParentControlId], [ControlTypeId], [UIId], [DisplayName], [DataSource], [Sequence], [CreatedBy], [CreatedDate])
	VALUES (32, 72, 5, N'StateColumnId', N'State', N'state', 3, @UserId, @Now)

	INSERT [UserManagement].[Control] ([ControlId], [ParentControlId], [ControlTypeId], [UIId], [DisplayName], [DataSource], [Sequence], [CreatedBy], [CreatedDate])
	VALUES (33, 72, 7, N'PropertySelectColumnUIId', NULL, N'isAssigned', 1, @UserId, @Now)

	INSERT [UserManagement].[Control] ([ControlId], [ParentControlId], [ControlTypeId], [UIId], [DisplayName], [DataSource], [Sequence], [CreatedBy], [CreatedDate])
	VALUES (73, 67, 2, N'PropertiesTabSelectGridUIId', NULL, NULL, 3, @UserId, @Now)

	INSERT [UserManagement].[Control] ([ControlId], [ParentControlId], [ControlTypeId], [UIId], [DisplayName], [DataSource], [Sequence], [CreatedBy], [CreatedDate])
	VALUES (38, 73, 5, N'PropertyNameColumnUIId', N'Property', N'name', 2, @UserId, @Now)

	INSERT [UserManagement].[Control] ([ControlId], [ParentControlId], [ControlTypeId], [UIId], [DisplayName], [DataSource], [Sequence], [CreatedBy], [CreatedDate])
	VALUES (39, 73, 5, N'StateColumnUIId', N'State', N'state', 3, @UserId, @Now)

	INSERT [UserManagement].[Control] ([ControlId], [ParentControlId], [ControlTypeId], [UIId], [DisplayName], [DataSource], [Sequence], [CreatedBy], [CreatedDate])
	VALUES (40, 73, 7, N'PropertySelectColumnUIId', NULL, N'isAssigned', 1, @UserId, @Now)

	INSERT [UserManagement].[Control] ([ControlId], [ParentControlId], [ControlTypeId], [UIId], [DisplayName], [DataSource], [Sequence], [CreatedBy], [CreatedDate])
	VALUES (74, NULL, 8, N'ResPortalTabGroupUIId', NULL, NULL, 1, @UserId, @Now)

	INSERT [UserManagement].[Control] ([ControlId], [ParentControlId], [ControlTypeId], [UIId], [DisplayName], [DataSource], [Sequence], [CreatedBy], [CreatedDate])
	VALUES (75, 74, 9, N'ResPortalPropertiesTabUIID', N'Properties', NULL, 1, @UserId, @Now)

	INSERT [UserManagement].[Control] ([ControlId], [ParentControlId], [ControlTypeId], [UIId], [DisplayName], [DataSource], [Sequence], [CreatedBy], [CreatedDate])
	VALUES (45, 75, 3, N'ResPortalMultiSelectUIId', NULL, N'ResPortalMultiSelectDataSource', 1, @UserId, @Now)

	INSERT [UserManagement].[Control] ([ControlId], [ParentControlId], [ControlTypeId], [UIId], [DisplayName], [DataSource], [Sequence], [CreatedBy], [CreatedDate])
	VALUES (46, 45, 10, N'PropertyLabelforcolumUIID', NULL, N'isAssigned', 1, @UserId, @Now)

	INSERT [UserManagement].[Control] ([ControlId], [ParentControlId], [ControlTypeId], [UIId], [DisplayName], [DataSource], [Sequence], [CreatedBy], [CreatedDate])
	VALUES (47, 45, 5, N'multiselectcolumnUIId', N'Property', N'name', 2, @UserId, @Now)

	INSERT [UserManagement].[Control] ([ControlId], [ParentControlId], [ControlTypeId], [UIId], [DisplayName], [DataSource], [Sequence], [CreatedBy], [CreatedDate])
	VALUES (48, 45, 5, N'multiselectColumUIId', N'State', N'state', 3, @UserId, @Now)

	INSERT [UserManagement].[Control] ([ControlId], [ParentControlId], [ControlTypeId], [UIId], [DisplayName], [DataSource], [Sequence], [CreatedBy], [CreatedDate])
	VALUES (76, 74, 9, N'ResPortalRolesTabUIId', N'Roles', NULL, 2, @UserId, @Now)

	INSERT [UserManagement].[Control] ([ControlId], [ParentControlId], [ControlTypeId], [UIId], [DisplayName], [DataSource], [Sequence], [CreatedBy], [CreatedDate])
	VALUES (50, 76, 2, N'RoleSelectGrid', NULL, N'RoleSelectGridDataSource', 1, @UserId, @Now)

	INSERT [UserManagement].[Control] ([ControlId], [ParentControlId], [ControlTypeId], [UIId], [DisplayName], [DataSource], [Sequence], [CreatedBy], [CreatedDate])
	VALUES (51, 50, 7, N'SelectColumnUIId', NULL, N'isAssigned', 1, @UserId, @Now)

	INSERT [UserManagement].[Control] ([ControlId], [ParentControlId], [ControlTypeId], [UIId], [DisplayName], [DataSource], [Sequence], [CreatedBy], [CreatedDate])
	VALUES (52, 50, 5, N'SelectColumnLabel', N'Role', N'name', 2, @UserId, @Now)

	INSERT [UserManagement].[Control] ([ControlId], [ParentControlId], [ControlTypeId], [UIId], [DisplayName], [DataSource], [Sequence], [CreatedBy], [CreatedDate])
	VALUES (77, 74, 9, N'ResPortalMessagingTabUIID', N'Messaging Groups', NULL, 3, @UserId, @Now)

	INSERT [UserManagement].[Control] ([ControlId], [ParentControlId], [ControlTypeId], [UIId], [DisplayName], [DataSource], [Sequence], [CreatedBy], [CreatedDate])
	VALUES (53, 77, 3, N'MessagingGroupMuliselectGridUIID', NULL, N'MessagingGroupMuliselectGridDataSource', 1, @UserId, @Now)

	INSERT [UserManagement].[Control] ([ControlId], [ParentControlId], [ControlTypeId], [UIId], [DisplayName], [DataSource], [Sequence], [CreatedBy], [CreatedDate])
	VALUES (54, 53, 10, N'MessagingGroupColumn', NULL, N'isAssigned', 1, @UserId, @Now)

	INSERT [UserManagement].[Control] ([ControlId], [ParentControlId], [ControlTypeId], [UIId], [DisplayName], [DataSource], [Sequence], [CreatedBy], [CreatedDate])
	VALUES (55, 53, 5, N'MessagingGroupLabel', N'Group', N'name', 2, @UserId, @Now)

	INSERT [UserManagement].[Control] ([ControlId], [ParentControlId], [ControlTypeId], [UIId], [DisplayName], [DataSource], [Sequence], [CreatedBy], [CreatedDate])
	VALUES (78, 74, 9, N'ResportalNotidicationTabUIId', N'Notifications', NULL, 4, @UserId, @Now)

	INSERT [UserManagement].[Control] ([ControlId], [ParentControlId], [ControlTypeId], [UIId], [DisplayName], [DataSource], [Sequence], [CreatedBy], [CreatedDate])
	VALUES (56, 78, 1, N'FrontDeskToggleUIId', N'Front desk instructions', N'managerFdiViaEmail', 1, @UserId, @Now)

	INSERT [UserManagement].[Control] ([ControlId], [ParentControlId], [ControlTypeId], [UIId], [DisplayName], [DataSource], [Sequence], [CreatedBy], [CreatedDate])
	VALUES (57, 78, 1, N'NewAmenityToggleUIId', N'New amernity reservation', N'amenitiesViaEmail', 2, @UserId, @Now)

	INSERT [UserManagement].[Control] ([ControlId], [ParentControlId], [ControlTypeId], [UIId], [DisplayName], [DataSource], [Sequence], [CreatedBy], [CreatedDate])
	VALUES (58, 78, 1, N'ServiceRequestUIId', N'Service request submission & updates', N'managerMrViaEmail', 3, @UserId, @Now)

	INSERT [UserManagement].[Control] ([ControlId], [ParentControlId], [ControlTypeId], [UIId], [DisplayName], [DataSource], [Sequence], [CreatedBy], [CreatedDate])
	VALUES (85, 68, 2, N'RoleTabSelectGridUIId', NULL, NULL, 2, @UserId, @Now)

	INSERT [UserManagement].[Control] ([ControlId], [ParentControlId], [ControlTypeId], [UIId], [DisplayName], [DataSource], [Sequence], [CreatedBy], [CreatedDate])
	VALUES (80, 85, 5, N'RoleNameColumnUIId', N'Role', N'name', 2, @UserId, @Now)

	INSERT [UserManagement].[Control] ([ControlId], [ParentControlId], [ControlTypeId], [UIId], [DisplayName], [DataSource], [Sequence], [CreatedBy], [CreatedDate])
	VALUES (41, 85, 7, N'RoleSelectColumnUIId', NULL, N'isAssigned', 1, @UserId, @Now)

	INSERT [UserManagement].[Control] ([ControlId], [ParentControlId], [ControlTypeId], [UIId], [DisplayName], [DataSource], [Sequence], [CreatedBy], [CreatedDate])
	VALUES (102, NULL, 8, N'OneSiteProductAccessTabGroupUIId', NULL, NULL, 1, @UserId, @Now)

	INSERT [UserManagement].[Control] ([ControlId], [ParentControlId], [ControlTypeId], [UIId], [DisplayName], [DataSource], [Sequence], [CreatedBy], [CreatedDate])
	VALUES (103, 102, 9, N'OneSiteProductAccessPropertiesTabUIId', N'Properties', NULL, 1, @UserId, @Now)

	INSERT [UserManagement].[Control] ([ControlId], [ParentControlId], [ControlTypeId], [UIId], [DisplayName], [DataSource], [Sequence], [CreatedBy], [CreatedDate])
	VALUES (104, 103, 1, N'OneSiteProductAccessAllowaccesstoallcurrentandfuturepropertiesPropertiesSwitchUIId', N'Allow access to all current and future properties', 'allProperties', 1, @UserId, @Now)

	INSERT [UserManagement].[Control] ([ControlId], [ParentControlId], [ControlTypeId], [UIId], [DisplayName], [DataSource], [Sequence], [CreatedBy], [CreatedDate])
	VALUES (105, 103, 3, N'OneSiteProductAccessPropertiesMultiSelectGridUIId', NULL, NULL, 2, @UserId, @Now)

	INSERT [UserManagement].[Control] ([ControlId], [ParentControlId], [ControlTypeId], [UIId], [DisplayName], [DataSource], [Sequence], [CreatedBy], [CreatedDate])
	VALUES (106, 105, 10, N'OneSiteProductAccessCheckboxUIId', NULL, N'isAssigned', 1, @UserId, @Now)

	INSERT [UserManagement].[Control] ([ControlId], [ParentControlId], [ControlTypeId], [UIId], [DisplayName], [DataSource], [Sequence], [CreatedBy], [CreatedDate])
	VALUES (107, 105, 5, N'OneSiteProductAccessPropertyLabelUIId', N'Property', N'name', 2, @UserId, @Now)

	INSERT [UserManagement].[Control] ([ControlId], [ParentControlId], [ControlTypeId], [UIId], [DisplayName], [DataSource], [Sequence], [CreatedBy], [CreatedDate])
	VALUES (108, 105, 5, N'OneSiteProductAccessStateLabelUIId', N'State', N'state', 3, @UserId, @Now)

	INSERT [UserManagement].[Control] ([ControlId], [ParentControlId], [ControlTypeId], [UIId], [DisplayName], [DataSource], [Sequence], [CreatedBy], [CreatedDate])
	VALUES (109, 102, 9, N'OneSiteProductAccessRolesTabUIId', N'Roles', NULL, 2, @UserId, @Now)

	INSERT [UserManagement].[Control] ([ControlId], [ParentControlId], [ControlTypeId], [UIId], [DisplayName], [DataSource], [Sequence], [CreatedBy], [CreatedDate])
	VALUES (110, 109, 3, N'OneSiteProductAccessRolesMultiSelectGridUIId', NULL, NULL, 1, @UserId, @Now)

	INSERT [UserManagement].[Control] ([ControlId], [ParentControlId], [ControlTypeId], [UIId], [DisplayName], [DataSource], [Sequence], [CreatedBy], [CreatedDate])
	VALUES (111, 110, 10, N'OneSiteProductAccessCheckboxUIId', NULL, N'isAssigned', 1, @UserId, @Now)

	INSERT [UserManagement].[Control] ([ControlId], [ParentControlId], [ControlTypeId], [UIId], [DisplayName], [DataSource], [Sequence], [CreatedBy], [CreatedDate])
	VALUES (112, 110, 5, N'OneSiteProductAccessRoleLabelUIId', N'Role', N'name', 2, @UserId, @Now)

	INSERT [UserManagement].[Control] ([ControlId], [ParentControlId], [ControlTypeId], [UIId], [DisplayName], [DataSource], [Sequence], [CreatedBy], [CreatedDate])
	VALUES (113, 110, 5, N'OneSiteProductAccessRoleTypeLabelUIId', N'Role Type', N'roletype', 3, @UserId, @Now)

	INSERT [UserManagement].[Control] ([ControlId], [ParentControlId], [ControlTypeId], [UIId], [DisplayName], [DataSource], [Sequence], [CreatedBy], [CreatedDate])
	VALUES (114, 110, 11, N'OneSiteProductAccessIconUIId', NULL, N'InfoIcon', 4, @UserId, @Now)

	INSERT [UserManagement].[Control] ([ControlId], [ParentControlId], [ControlTypeId], [UIId], [DisplayName], [DataSource], [Sequence], [CreatedBy], [CreatedDate])
	VALUES (115, 114, 5, N'OneSiteProductAccessRoleDetailsLabelUIId', N'Role Details', NULL, 1, @UserId, @Now)

	INSERT [UserManagement].[Control] ([ControlId], [ParentControlId], [ControlTypeId], [UIId], [DisplayName], [DataSource], [Sequence], [CreatedBy], [CreatedDate])
	VALUES (116, 114, 12, N'OneSiteProductAccessGridUIId', NULL, NULL, 2, @UserId, @Now)

	INSERT [UserManagement].[Control] ([ControlId], [ParentControlId], [ControlTypeId], [UIId], [DisplayName], [DataSource], [Sequence], [CreatedBy], [CreatedDate])
	VALUES (117, 116, 5, N'OneSiteProductAccessProductCenterLabelUIId', N'Product Center', N'centerName', 1, @UserId, @Now)

	INSERT [UserManagement].[Control] ([ControlId], [ParentControlId], [ControlTypeId], [UIId], [DisplayName], [DataSource], [Sequence], [CreatedBy], [CreatedDate])
	VALUES (118, 116, 5, N'OneSiteProductAccessRightLabelUIId', N'Right', N'description', 2, @UserId, @Now)

	INSERT [UserManagement].[Control] ([ControlId], [ParentControlId], [ControlTypeId], [UIId], [DisplayName], [DataSource], [Sequence], [CreatedBy], [CreatedDate])
	VALUES (119, NULL, 8, N'MarketingCenterProductAccessTabGroupUIId', NULL, NULL, 1, @UserId, @Now)

	INSERT [UserManagement].[Control] ([ControlId], [ParentControlId], [ControlTypeId], [UIId], [DisplayName], [DataSource], [Sequence], [CreatedBy], [CreatedDate])
	VALUES (120, 119, 9, N'MarketingCenterProductAccessPropertyGroupTabUIId', N'Property Group', NULL, 1, @UserId, @Now)

	INSERT [UserManagement].[Control] ([ControlId], [ParentControlId], [ControlTypeId], [UIId], [DisplayName], [DataSource], [Sequence], [CreatedBy], [CreatedDate])
	VALUES (121, 120, 3, N'MarketingCenterProductAccessPropertyGroupMultiSelectGridUIId', NULL, NULL, 1, @UserId, @Now)

	INSERT [UserManagement].[Control] ([ControlId], [ParentControlId], [ControlTypeId], [UIId], [DisplayName], [DataSource], [Sequence], [CreatedBy], [CreatedDate])
	VALUES (122, 121, 10, N'MarketingCenterProductAccessCheckboxUIId', NULL, N'isAssigned', 1, @UserId, @Now)

	INSERT [UserManagement].[Control] ([ControlId], [ParentControlId], [ControlTypeId], [UIId], [DisplayName], [DataSource], [Sequence], [CreatedBy], [CreatedDate])
	VALUES (123, 121, 5, N'MarketingCenterProductAccessPropertyGroupLabelUIId', N'Property Group', N'name', 2, @UserId, @Now)

	INSERT [UserManagement].[Control] ([ControlId], [ParentControlId], [ControlTypeId], [UIId], [DisplayName], [DataSource], [Sequence], [CreatedBy], [CreatedDate])
	VALUES (124, 119, 9, N'MarketingCenterProductAccessPropertiesTabUIId', N'Properties', NULL, 2, @UserId, @Now)

	INSERT [UserManagement].[Control] ([ControlId], [ParentControlId], [ControlTypeId], [UIId], [DisplayName], [DataSource], [Sequence], [CreatedBy], [CreatedDate])
	VALUES (125, 124, 1, N'MarketingCenterProductAccessAssignnewpropertiesautomaticallyPropertiesSwitchUIId', N'Assign new properties automatically', 'allProperties', 1, @UserId, @Now)

	INSERT [UserManagement].[Control] ([ControlId], [ParentControlId], [ControlTypeId], [UIId], [DisplayName], [DataSource], [Sequence], [CreatedBy], [CreatedDate])
	VALUES (126, 124, 3, N'MarketingCenterProductAccessPropertiesMultiSelectGridUIId', NULL, NULL, 2, @UserId, @Now)

	INSERT [UserManagement].[Control] ([ControlId], [ParentControlId], [ControlTypeId], [UIId], [DisplayName], [DataSource], [Sequence], [CreatedBy], [CreatedDate])
	VALUES (127, 126, 10, N'MarketingCenterProductAccessCheckboxUIId', NULL, N'isAssigned', 1, @UserId, @Now)

	INSERT [UserManagement].[Control] ([ControlId], [ParentControlId], [ControlTypeId], [UIId], [DisplayName], [DataSource], [Sequence], [CreatedBy], [CreatedDate])
	VALUES (128, 126, 5, N'MarketingCenterProductAccessPropertyLabelUIId', N'Property', N'name', 2, @UserId, @Now)

	INSERT [UserManagement].[Control] ([ControlId], [ParentControlId], [ControlTypeId], [UIId], [DisplayName], [DataSource], [Sequence], [CreatedBy], [CreatedDate])
	VALUES (129, 126, 5, N'MarketingCenterProductAccessStateLabelUIId', N'State', N'state', 3, @UserId, @Now)

	INSERT [UserManagement].[Control] ([ControlId], [ParentControlId], [ControlTypeId], [UIId], [DisplayName], [DataSource], [Sequence], [CreatedBy], [CreatedDate])
	VALUES (130, 119, 9, N'MarketingCenterProductAccessRolesTabUIId', N'Roles', NULL, 3, @UserId, @Now)

	INSERT [UserManagement].[Control] ([ControlId], [ParentControlId], [ControlTypeId], [UIId], [DisplayName], [DataSource], [Sequence], [CreatedBy], [CreatedDate])
	VALUES (131, 130, 2, N'MarketingCenterProductAccessRolesSelectGridUIId', NULL, NULL, 1, @UserId, @Now)

	INSERT [UserManagement].[Control] ([ControlId], [ParentControlId], [ControlTypeId], [UIId], [DisplayName], [DataSource], [Sequence], [CreatedBy], [CreatedDate])
	VALUES (132, 131, 7, N'MarketingCenterProductAccessRadioUIId', NULL, N'isAssigned', 1, @UserId, @Now)

	INSERT [UserManagement].[Control] ([ControlId], [ParentControlId], [ControlTypeId], [UIId], [DisplayName], [DataSource], [Sequence], [CreatedBy], [CreatedDate])
	VALUES (133, 131, 5, N'MarketingCenterProductAccessRoleLabelUIId', N'Role', N'name', 2, @UserId, @Now)

	SET IDENTITY_INSERT [UserManagement].[Control] OFF
END

IF NOT EXISTS (SELECT TOP 1 1 FROM[UserManagement].[ControlAttribute])
BEGIN
	SET IDENTITY_INSERT [UserManagement].[ControlAttribute] ON 

	INSERT [UserManagement].[ControlAttribute] ([ControlAttributeId], [ControlId], [Key], [Value], [CreatedBy], [CreatedDate])
	VALUES (1, 76, N'Default', N'True', @UserId, @Now)

	INSERT [UserManagement].[ControlAttribute] ([ControlAttributeId], [ControlId], [Key], [Value], [CreatedBy], [CreatedDate])
	VALUES (2, 67, N'Default', N'True', @UserId, @Now)

	INSERT [UserManagement].[ControlAttribute] ([ControlAttributeId], [ControlId], [Key], [Value], [CreatedBy], [CreatedDate])
	VALUES (3, 65, N'Default', N'True', @UserId, @Now)

	INSERT [UserManagement].[ControlAttribute] ([ControlAttributeId], [ControlId], [Key], [Value], [CreatedBy], [CreatedDate])
	VALUES (6, 103, N'Default', N'True', @UserId, @Now)

	INSERT [UserManagement].[ControlAttribute] ([ControlAttributeId], [ControlId], [Key], [Value], [CreatedBy], [CreatedDate])
	VALUES (7, 114, N'InfoIcon', N'Slide', @UserId, @Now)

	INSERT [UserManagement].[ControlAttribute] ([ControlAttributeId], [ControlId], [Key], [Value], [CreatedBy], [CreatedDate])
	VALUES (8, 124, N'Default', N'True', @UserId, @Now)

	INSERT [UserManagement].[ControlAttribute] ([ControlAttributeId], [ControlId], [Key], [Value], [CreatedBy], [CreatedDate])
	VALUES (9, 105, N'ShowSelectAll', N'True', @UserId, @Now)

	INSERT [UserManagement].[ControlAttribute] ([ControlAttributeId], [ControlId], [Key], [Value], [CreatedBy], [CreatedDate])
	VALUES (10, 110, N'ShowSelectAll', N'False', @UserId, @Now)

	INSERT [UserManagement].[ControlAttribute] ([ControlAttributeId], [ControlId], [Key], [Value], [CreatedBy], [CreatedDate])
	VALUES (11, 121, N'ShowSelectAll', N'True', @UserId, @Now)

	INSERT [UserManagement].[ControlAttribute] ([ControlAttributeId], [ControlId], [Key], [Value], [CreatedBy], [CreatedDate])
	VALUES (12, 126, N'ShowSelectAll', N'True', @UserId, @Now)

	INSERT [UserManagement].[ControlAttribute] ([ControlAttributeId], [ControlId], [Key], [Value], [CreatedBy], [CreatedDate])
	VALUES (13, 69, N'ShowSelectAll', N'True', @UserId, @Now)

	INSERT [UserManagement].[ControlAttribute] ([ControlAttributeId], [ControlId], [Key], [Value], [CreatedBy], [CreatedDate])
	VALUES (14, 70, N'ShowSelectAll', N'True', @UserId, @Now)

	INSERT [UserManagement].[ControlAttribute] ([ControlAttributeId], [ControlId], [Key], [Value], [CreatedBy], [CreatedDate])
	VALUES (15, 71, N'ShowSelectAll', N'False', @UserId, @Now)

	INSERT [UserManagement].[ControlAttribute] ([ControlAttributeId], [ControlId], [Key], [Value], [CreatedBy], [CreatedDate])
	VALUES (16, 45, N'ShowSelectAll', N'True', @UserId, @Now)

	INSERT [UserManagement].[ControlAttribute] ([ControlAttributeId], [ControlId], [Key], [Value], [CreatedBy], [CreatedDate])
	VALUES (17, 53, N'ShowSelectAll', N'True', @UserId, @Now)
	
	SET IDENTITY_INSERT [UserManagement].[ControlAttribute] OFF
END

IF NOT EXISTS (SELECT TOP 1 1 FROM[UserManagement].[ControlDependency])
BEGIN
	SET IDENTITY_INSERT [UserManagement].[ControlDependency] ON 

	INSERT [UserManagement].[ControlDependency] ([ControlDependencyId], [MasterControlId], [SlaveControlID], [MasterControlValue], [ComparatorId], [CreatedBy], [CreatedDate])
	VALUES (1, 52, 75, N'Staff Limited', 1, @UserId, @Now)

	INSERT [UserManagement].[ControlDependency] ([ControlDependencyId], [MasterControlId], [SlaveControlID], [MasterControlValue], [ComparatorId], [CreatedBy], [CreatedDate])
	VALUES (2, 52, 76, N'Staff Limited', 1, @UserId, @Now)

	INSERT [UserManagement].[ControlDependency] ([ControlDependencyId], [MasterControlId], [SlaveControlID], [MasterControlValue], [ComparatorId], [CreatedBy], [CreatedDate])
	VALUES (3, 52, 77, N'Staff Limited', 1, @UserId, @Now)

	INSERT [UserManagement].[ControlDependency] ([ControlDependencyId], [MasterControlId], [SlaveControlID], [MasterControlValue], [ComparatorId], [CreatedBy], [CreatedDate])
	VALUES (4, 52, 78, N'Staff Limited', 1, @UserId, @Now)

	INSERT [UserManagement].[ControlDependency] ([ControlDependencyId], [MasterControlId], [SlaveControlID], [MasterControlValue], [ComparatorId], [CreatedBy], [CreatedDate])
	VALUES (5, 52, 76, N'Enterprise Admin', 1, @UserId, @Now)

	INSERT [UserManagement].[ControlDependency] ([ControlDependencyId], [MasterControlId], [SlaveControlID], [MasterControlValue], [ComparatorId], [CreatedBy], [CreatedDate])
	VALUES (6, 52, 75, N'Enterprise Standard', 1, @UserId, @Now)

	INSERT [UserManagement].[ControlDependency] ([ControlDependencyId], [MasterControlId], [SlaveControlID], [MasterControlValue], [ComparatorId], [CreatedBy], [CreatedDate])
	VALUES (7, 52, 76, N'Enterprise Standard', 1, @UserId, @Now)

	INSERT [UserManagement].[ControlDependency] ([ControlDependencyId], [MasterControlId], [SlaveControlID], [MasterControlValue], [ComparatorId], [CreatedBy], [CreatedDate])
	VALUES (8, 52, 75, N'Staff Admin', 1, @UserId, @Now)

	INSERT [UserManagement].[ControlDependency] ([ControlDependencyId], [MasterControlId], [SlaveControlID], [MasterControlValue], [ComparatorId], [CreatedBy], [CreatedDate])
	VALUES (9, 52, 76, N'Staff Admin', 1, @UserId, @Now)

	INSERT [UserManagement].[ControlDependency] ([ControlDependencyId], [MasterControlId], [SlaveControlID], [MasterControlValue], [ComparatorId], [CreatedBy], [CreatedDate])
	VALUES (10, 52, 77, N'Staff Admin', 1, @UserId, @Now)

	INSERT [UserManagement].[ControlDependency] ([ControlDependencyId], [MasterControlId], [SlaveControlID], [MasterControlValue], [ComparatorId], [CreatedBy], [CreatedDate])
	VALUES (11, 52, 78, N'Staff Admin', 1, @UserId, @Now)

	INSERT [UserManagement].[ControlDependency] ([ControlDependencyId], [MasterControlId], [SlaveControlID], [MasterControlValue], [ComparatorId], [CreatedBy], [CreatedDate])
	VALUES (12, 52, 75, N'Staff Standard', 1, @UserId, @Now)

	INSERT [UserManagement].[ControlDependency] ([ControlDependencyId], [MasterControlId], [SlaveControlID], [MasterControlValue], [ComparatorId], [CreatedBy], [CreatedDate])
	VALUES (13, 52, 76, N'Staff Standard', 1, @UserId, @Now)

	INSERT [UserManagement].[ControlDependency] ([ControlDependencyId], [MasterControlId], [SlaveControlID], [MasterControlValue], [ComparatorId], [CreatedBy], [CreatedDate])
	VALUES (14, 52, 77, N'Staff Standard', 1, @UserId, @Now)

	INSERT [UserManagement].[ControlDependency] ([ControlDependencyId], [MasterControlId], [SlaveControlID], [MasterControlValue], [ComparatorId], [CreatedBy], [CreatedDate])
	VALUES (15, 52, 78, N'Staff Standard', 1, @UserId, @Now)

	SET IDENTITY_INSERT [UserManagement].[ControlDependency] OFF
END

IF NOT EXISTS (SELECT TOP 1 1 FROM[UserManagement].[ProductPage])
BEGIN
	SET IDENTITY_INSERT [UserManagement].[ProductPage] ON 

	INSERT [UserManagement].[ProductPage] ([ProductPageId], [ProductId], [DisplayName], [CreatedBy], [CreatedDate])
	VALUES (2, 8, N'Financial Product Suite Access', @UserId, @Now)

	INSERT [UserManagement].[ProductPage] ([ProductPageId], [ProductId], [DisplayName], [CreatedBy], [CreatedDate])
	VALUES (3, 10, N'Prospect Contact Center Product Access', @UserId, @Now)

	INSERT [UserManagement].[ProductPage] ([ProductPageId], [ProductId], [DisplayName], [CreatedBy], [CreatedDate])
	VALUES (4, 14, N'Client Portal Product Access', @UserId, @Now)

	INSERT [UserManagement].[ProductPage] ([ProductPageId], [ProductId], [DisplayName], [CreatedBy], [CreatedDate])
	VALUES (5, 17, N'Resident Portals Product Access', @UserId, @Now)

	INSERT [UserManagement].[ProductPage] ([ProductPageId], [ProductId], [DisplayName], [CreatedBy], [CreatedDate])
	VALUES (7, 1, N'OneSite Product Access', @UserId, @Now)

	INSERT [UserManagement].[ProductPage] ([ProductPageId], [ProductId], [DisplayName], [CreatedBy], [CreatedDate])
	VALUES (8, 9, N'Marketing Center Product Access', @UserId, @Now)

	SET IDENTITY_INSERT [UserManagement].[ProductPage] OFF
END

IF NOT EXISTS (SELECT TOP 1 1 FROM[UserManagement].[ProductPageControl])
BEGIN
	SET IDENTITY_INSERT [UserManagement].[ProductPageControl] ON 

	INSERT [UserManagement].[ProductPageControl] ([ProductPageControlId], [ProductPageId], [ControlId], [CreatedBy], [CreatedDate])
	VALUES (1, 2, 3, @UserId, @Now)

	INSERT [UserManagement].[ProductPageControl] ([ProductPageControlId], [ProductPageId], [ControlId], [CreatedBy], [CreatedDate])
	VALUES (2, 2, 4, @UserId, @Now)

	INSERT [UserManagement].[ProductPageControl] ([ProductPageControlId], [ProductPageId], [ControlId], [CreatedBy], [CreatedDate])
	VALUES (3, 2, 5, @UserId, @Now)

	INSERT [UserManagement].[ProductPageControl] ([ProductPageControlId], [ProductPageId], [ControlId], [CreatedBy], [CreatedDate])
	VALUES (4, 2, 6, @UserId, @Now)

	INSERT [UserManagement].[ProductPageControl] ([ProductPageControlId], [ProductPageId], [ControlId], [CreatedBy], [CreatedDate])
	VALUES (5, 2, 59, @UserId, @Now)

	INSERT [UserManagement].[ProductPageControl] ([ProductPageControlId], [ProductPageId], [ControlId], [CreatedBy], [CreatedDate])
	VALUES (10, 3, 63, @UserId, @Now)

	INSERT [UserManagement].[ProductPageControl] ([ProductPageControlId], [ProductPageId], [ControlId], [CreatedBy], [CreatedDate])
	VALUES (13, 4, 66, @UserId, @Now)

	INSERT [UserManagement].[ProductPageControl] ([ProductPageControlId], [ProductPageId], [ControlId], [CreatedBy], [CreatedDate])
	VALUES (14, 5, 74, @UserId, @Now)

	INSERT [UserManagement].[ProductPageControl] ([ProductPageControlId], [ProductPageId], [ControlId], [CreatedBy], [CreatedDate])
	VALUES (16, 7, 102, @UserId, @Now)

	INSERT [UserManagement].[ProductPageControl] ([ProductPageControlId], [ProductPageId], [ControlId], [CreatedBy], [CreatedDate])
	VALUES (17, 8, 119, @UserId, @Now)

	SET IDENTITY_INSERT [UserManagement].[ProductPageControl] OFF
END
GO
