
SET IDENTITY_INSERT [UserManagement].[ControlType] ON 

IF NOT EXISTS (SELECT 1 FROM[UserManagement].[ControlType] WHERE  [ControlTypeId] = 1)
INSERT [UserManagement].[ControlType] ([ControlTypeId], [Name], [Description], [CreatedBy], [CreatedDate]) VALUES (1, N'Toggle', N'True/False/NULL', 2198, CAST(N'2020-01-28T00:00:00.000' AS DateTime))
IF NOT EXISTS (SELECT 1 FROM[UserManagement].[ControlType] WHERE  [ControlTypeId] = 2)
INSERT [UserManagement].[ControlType] ([ControlTypeId], [Name], [Description], [CreatedBy], [CreatedDate]) VALUES (2, N'Select Grid', N'Single Select Grid', 2198, CAST(N'2020-01-28T00:00:00.000' AS DateTime))
IF NOT EXISTS (SELECT 1 FROM[UserManagement].[ControlType] WHERE  [ControlTypeId] = 3)
INSERT [UserManagement].[ControlType] ([ControlTypeId], [Name], [Description], [CreatedBy], [CreatedDate]) VALUES (3, N'Multi-Select Grid', N'Multiple selection Grid', 2198, CAST(N'2020-01-28T00:00:00.000' AS DateTime))
IF NOT EXISTS (SELECT 1 FROM[UserManagement].[ControlType] WHERE  [ControlTypeId] = 4)
INSERT [UserManagement].[ControlType] ([ControlTypeId], [Name], [Description], [CreatedBy], [CreatedDate]) VALUES (4, N'Column', N'a column inside a List contrl', 2198, CAST(N'2020-01-28T00:00:00.000' AS DateTime))
IF NOT EXISTS (SELECT 1 FROM[UserManagement].[ControlType] WHERE  [ControlTypeId] = 5)
INSERT [UserManagement].[ControlType] ([ControlTypeId], [Name], [Description], [CreatedBy], [CreatedDate]) VALUES (5, N'Label', N'a label for informationail purposes', 2198, CAST(N'2020-01-28T00:00:00.000' AS DateTime))
IF NOT EXISTS (SELECT 1 FROM[UserManagement].[ControlType] WHERE  [ControlTypeId] = 7)
INSERT [UserManagement].[ControlType] ([ControlTypeId], [Name], [Description], [CreatedBy], [CreatedDate]) VALUES (7, N'Radio Button', N'a member of a group that is mutually exclusive', 2198, CAST(N'2020-02-05T00:00:00.000' AS DateTime))

SET IDENTITY_INSERT [UserManagement].[ControlType] OFF

SET IDENTITY_INSERT [UserManagement].[Control] ON 

IF NOT EXISTS (SELECT 1 FROM[UserManagement].[Control] WHERE  [ControlId] = 3)
INSERT [UserManagement].[Control] ([ControlId], [ParentControlId], [ControlTypeId], [UIId], [DisplayName], [DataSource], [Sequence], [CreatedBy], [CreatedDate]) VALUES (3, NULL, 5, N'SomeId', N'Options:', NULL, 1, 2198, CAST(N'2020-01-28T00:00:00.000' AS DateTime))
IF NOT EXISTS (SELECT 1 FROM[UserManagement].[Control] WHERE  [ControlId] = 4)
INSERT [UserManagement].[Control] ([ControlId], [ParentControlId], [ControlTypeId], [UIId], [DisplayName], [DataSource], [Sequence], [CreatedBy], [CreatedDate]) VALUES (4, NULL, 1, N'SomeId', N'Access to Site SpendManagement only', NULL, 2, 2198, CAST(N'2020-01-28T00:00:00.000' AS DateTime))
IF NOT EXISTS (SELECT 1 FROM[UserManagement].[Control] WHERE  [ControlId] = 5)
INSERT [UserManagement].[Control] ([ControlId], [ParentControlId], [ControlTypeId], [UIId], [DisplayName], [DataSource], [Sequence], [CreatedBy], [CreatedDate]) VALUES (5, NULL, 1, N'SomeId', N'Allow access to all current and future entities', NULL, 3, 2198, CAST(N'2020-01-28T00:00:00.000' AS DateTime))
IF NOT EXISTS (SELECT 1 FROM[UserManagement].[Control] WHERE  [ControlId] = 6)
INSERT [UserManagement].[Control] ([ControlId], [ParentControlId], [ControlTypeId], [UIId], [DisplayName], [DataSource], [Sequence], [CreatedBy], [CreatedDate]) VALUES (6, NULL, 1, N'SomeId', N'Accounting Admin', NULL, 4, 2198, CAST(N'2020-01-28T00:00:00.000' AS DateTime))
IF NOT EXISTS (SELECT 1 FROM[UserManagement].[Control] WHERE  [ControlId] = 7)
INSERT [UserManagement].[Control] ([ControlId], [ParentControlId], [ControlTypeId], [UIId], [DisplayName], [DataSource], [Sequence], [CreatedBy], [CreatedDate]) VALUES (7, NULL, 3, N'SomeId', NULL, NULL, 1, 2198, CAST(N'2020-01-28T00:00:00.000' AS DateTime))
IF NOT EXISTS (SELECT 1 FROM[UserManagement].[Control] WHERE  [ControlId] = 8)
INSERT [UserManagement].[Control] ([ControlId], [ParentControlId], [ControlTypeId], [UIId], [DisplayName], [DataSource], [Sequence], [CreatedBy], [CreatedDate]) VALUES (8, 7, 4, N'SomeId', N'ID', NULL, 1, 2198, CAST(N'2020-01-28T00:00:00.000' AS DateTime))
IF NOT EXISTS (SELECT 1 FROM[UserManagement].[Control] WHERE  [ControlId] = 9)
INSERT [UserManagement].[Control] ([ControlId], [ParentControlId], [ControlTypeId], [UIId], [DisplayName], [DataSource], [Sequence], [CreatedBy], [CreatedDate]) VALUES (9, 7, 4, N'SomeId', N'Name', NULL, 2, 2198, CAST(N'2020-01-28T00:00:00.000' AS DateTime))
IF NOT EXISTS (SELECT 1 FROM[UserManagement].[Control] WHERE  [ControlId] = 10)
INSERT [UserManagement].[Control] ([ControlId], [ParentControlId], [ControlTypeId], [UIId], [DisplayName], [DataSource], [Sequence], [CreatedBy], [CreatedDate]) VALUES (10, NULL, 3, N'SomeId', NULL, NULL, 1, 2198, CAST(N'2020-01-28T00:00:00.000' AS DateTime))
IF NOT EXISTS (SELECT 1 FROM[UserManagement].[Control] WHERE  [ControlId] = 11)
INSERT [UserManagement].[Control] ([ControlId], [ParentControlId], [ControlTypeId], [UIId], [DisplayName], [DataSource], [Sequence], [CreatedBy], [CreatedDate]) VALUES (11, 10, 4, N'SomeId', N'Entity ID', NULL, 1, 2198, CAST(N'2020-01-28T00:00:00.000' AS DateTime))
IF NOT EXISTS (SELECT 1 FROM[UserManagement].[Control] WHERE  [ControlId] = 13)
INSERT [UserManagement].[Control] ([ControlId], [ParentControlId], [ControlTypeId], [UIId], [DisplayName], [DataSource], [Sequence], [CreatedBy], [CreatedDate]) VALUES (13, 10, 4, N'SomeId', N'Entity Name', NULL, 2, 2198, CAST(N'2020-01-28T00:00:00.000' AS DateTime))
IF NOT EXISTS (SELECT 1 FROM[UserManagement].[Control] WHERE  [ControlId] = 14)
INSERT [UserManagement].[Control] ([ControlId], [ParentControlId], [ControlTypeId], [UIId], [DisplayName], [DataSource], [Sequence], [CreatedBy], [CreatedDate]) VALUES (14, 10, 4, N'SomeId', N'Company ID', NULL, 3, 2198, CAST(N'2020-01-28T00:00:00.000' AS DateTime))
IF NOT EXISTS (SELECT 1 FROM[UserManagement].[Control] WHERE  [ControlId] = 15)
INSERT [UserManagement].[Control] ([ControlId], [ParentControlId], [ControlTypeId], [UIId], [DisplayName], [DataSource], [Sequence], [CreatedBy], [CreatedDate]) VALUES (15, 10, 4, N'SomeId', N'Company Name', NULL, 4, 2198, CAST(N'2020-01-28T00:00:00.000' AS DateTime))
IF NOT EXISTS (SELECT 1 FROM[UserManagement].[Control] WHERE  [ControlId] = 16)
INSERT [UserManagement].[Control] ([ControlId], [ParentControlId], [ControlTypeId], [UIId], [DisplayName], [DataSource], [Sequence], [CreatedBy], [CreatedDate]) VALUES (16, NULL, 3, N'SomeId', NULL, NULL, 1, 2198, CAST(N'2020-01-28T00:00:00.000' AS DateTime))
IF NOT EXISTS (SELECT 1 FROM[UserManagement].[Control] WHERE  [ControlId] = 17)
INSERT [UserManagement].[Control] ([ControlId], [ParentControlId], [ControlTypeId], [UIId], [DisplayName], [DataSource], [Sequence], [CreatedBy], [CreatedDate]) VALUES (17, 16, 4, N'SomeId', N'Role', NULL, 1, 2198, CAST(N'2020-01-28T00:00:00.000' AS DateTime))
IF NOT EXISTS (SELECT 1 FROM[UserManagement].[Control] WHERE  [ControlId] = 18)
INSERT [UserManagement].[Control] ([ControlId], [ParentControlId], [ControlTypeId], [UIId], [DisplayName], [DataSource], [Sequence], [CreatedBy], [CreatedDate]) VALUES (18, 11, 5, N'SomeId', NULL, N'SomeRemoteControlName', 1, 2198, CAST(N'2020-02-04T00:00:00.000' AS DateTime))
IF NOT EXISTS (SELECT 1 FROM[UserManagement].[Control] WHERE  [ControlId] = 19)
INSERT [UserManagement].[Control] ([ControlId], [ParentControlId], [ControlTypeId], [UIId], [DisplayName], [DataSource], [Sequence], [CreatedBy], [CreatedDate]) VALUES (19, 13, 5, N'SomeId', NULL, N'SomeRemoteControlName', 1, 2198, CAST(N'2020-02-04T00:00:00.000' AS DateTime))
IF NOT EXISTS (SELECT 1 FROM[UserManagement].[Control] WHERE  [ControlId] = 20)
INSERT [UserManagement].[Control] ([ControlId], [ParentControlId], [ControlTypeId], [UIId], [DisplayName], [DataSource], [Sequence], [CreatedBy], [CreatedDate]) VALUES (20, 14, 5, N'SomeID', NULL, N'SomeRemoteColumnName', 1, 2198, CAST(N'2020-02-04T00:00:00.000' AS DateTime))
IF NOT EXISTS (SELECT 1 FROM[UserManagement].[Control] WHERE  [ControlId] = 21)
INSERT [UserManagement].[Control] ([ControlId], [ParentControlId], [ControlTypeId], [UIId], [DisplayName], [DataSource], [Sequence], [CreatedBy], [CreatedDate]) VALUES (21, 15, 5, N'SomeId', NULL, N'SomeRemoteControlName', 1, 2198, CAST(N'2020-02-04T00:00:00.000' AS DateTime))
IF NOT EXISTS (SELECT 1 FROM[UserManagement].[Control] WHERE  [ControlId] = 22)
INSERT [UserManagement].[Control] ([ControlId], [ParentControlId], [ControlTypeId], [UIId], [DisplayName], [DataSource], [Sequence], [CreatedBy], [CreatedDate]) VALUES (22, 8, 5, N'SomeId', NULL, N'SomeRemoteColumnName', 1, 2198, CAST(N'2020-02-04T00:00:00.000' AS DateTime))
IF NOT EXISTS (SELECT 1 FROM[UserManagement].[Control] WHERE  [ControlId] = 23)
INSERT [UserManagement].[Control] ([ControlId], [ParentControlId], [ControlTypeId], [UIId], [DisplayName], [DataSource], [Sequence], [CreatedBy], [CreatedDate]) VALUES (23, 9, 5, N'SomeId', NULL, N'SomeRemoteColumnName', 1, 2198, CAST(N'2020-02-04T00:00:00.000' AS DateTime))
IF NOT EXISTS (SELECT 1 FROM[UserManagement].[Control] WHERE  [ControlId] = 24)
INSERT [UserManagement].[Control] ([ControlId], [ParentControlId], [ControlTypeId], [UIId], [DisplayName], [DataSource], [Sequence], [CreatedBy], [CreatedDate]) VALUES (24, 17, 5, N'SomeId', NULL, N'SomeRemoteColumnName', 1, 2198, CAST(N'2020-02-04T00:00:00.000' AS DateTime))
IF NOT EXISTS (SELECT 1 FROM[UserManagement].[Control] WHERE  [ControlId] = 25)
INSERT [UserManagement].[Control] ([ControlId], [ParentControlId], [ControlTypeId], [UIId], [DisplayName], [DataSource], [Sequence], [CreatedBy], [CreatedDate]) VALUES (25, NULL, 7, N'RadioButtonId', N'Active Properties', N'Remote Column Name', 1, 2198, CAST(N'2020-02-05T00:00:00.000' AS DateTime))
IF NOT EXISTS (SELECT 1 FROM[UserManagement].[Control] WHERE  [ControlId] = 26)
INSERT [UserManagement].[Control] ([ControlId], [ParentControlId], [ControlTypeId], [UIId], [DisplayName], [DataSource], [Sequence], [CreatedBy], [CreatedDate]) VALUES (26, NULL, 7, N'RadioButtonId', N'Inactive Properties', N'Remote Column Name', 2, 2198, CAST(N'2020-02-05T00:00:00.000' AS DateTime))
IF NOT EXISTS (SELECT 1 FROM[UserManagement].[Control] WHERE  [ControlId] = 27)
INSERT [UserManagement].[Control] ([ControlId], [ParentControlId], [ControlTypeId], [UIId], [DisplayName], [DataSource], [Sequence], [CreatedBy], [CreatedDate]) VALUES (27, NULL, 7, N'RadioButtonId', N'All Properties', N'Remote Column Name', 3, 2198, CAST(N'2020-02-05T00:00:00.000' AS DateTime))
IF NOT EXISTS (SELECT 1 FROM[UserManagement].[Control] WHERE  [ControlId] = 28)
INSERT [UserManagement].[Control] ([ControlId], [ParentControlId], [ControlTypeId], [UIId], [DisplayName], [DataSource], [Sequence], [CreatedBy], [CreatedDate]) VALUES (28, NULL, 2, N'SelectGridID', NULL, NULL, 4, 2198, CAST(N'2020-02-05T00:00:00.000' AS DateTime))
IF NOT EXISTS (SELECT 1 FROM[UserManagement].[Control] WHERE  [ControlId] = 29)
INSERT [UserManagement].[Control] ([ControlId], [ParentControlId], [ControlTypeId], [UIId], [DisplayName], [DataSource], [Sequence], [CreatedBy], [CreatedDate]) VALUES (29, 28, 4, N'NameColumnId', N'Name', NULL, 1, 2198, CAST(N'2020-02-05T00:00:00.000' AS DateTime))
IF NOT EXISTS (SELECT 1 FROM[UserManagement].[Control] WHERE  [ControlId] = 32)
INSERT [UserManagement].[Control] ([ControlId], [ParentControlId], [ControlTypeId], [UIId], [DisplayName], [DataSource], [Sequence], [CreatedBy], [CreatedDate]) VALUES (32, 28, 4, N'StateColumnId', N'State', NULL, 2, 2198, CAST(N'2020-02-05T00:00:00.000' AS DateTime))
IF NOT EXISTS (SELECT 1 FROM[UserManagement].[Control] WHERE  [ControlId] = 33)
INSERT [UserManagement].[Control] ([ControlId], [ParentControlId], [ControlTypeId], [UIId], [DisplayName], [DataSource], [Sequence], [CreatedBy], [CreatedDate]) VALUES (33, 29, 5, N'NameLabelId', NULL, N'NameRemoteColumnName', 1, 2198, CAST(N'2020-02-05T00:00:00.000' AS DateTime))
IF NOT EXISTS (SELECT 1 FROM[UserManagement].[Control] WHERE  [ControlId] = 34)
INSERT [UserManagement].[Control] ([ControlId], [ParentControlId], [ControlTypeId], [UIId], [DisplayName], [DataSource], [Sequence], [CreatedBy], [CreatedDate]) VALUES (34, 32, 5, N'StateLabelId', NULL, N'StateRemoteColumnName', 2, 2198, CAST(N'2020-02-05T00:00:00.000' AS DateTime))
IF NOT EXISTS (SELECT 1 FROM[UserManagement].[Control] WHERE  [ControlId] = 35)
INSERT [UserManagement].[Control] ([ControlId], [ParentControlId], [ControlTypeId], [UIId], [DisplayName], [DataSource], [Sequence], [CreatedBy], [CreatedDate]) VALUES (35, NULL, 7, N'RadioControId', N'Single Property', N'SinglePropertyDataSource', 1, 2198, CAST(N'2020-02-05T00:00:00.000' AS DateTime))
IF NOT EXISTS (SELECT 1 FROM[UserManagement].[Control] WHERE  [ControlId] = 36)
INSERT [UserManagement].[Control] ([ControlId], [ParentControlId], [ControlTypeId], [UIId], [DisplayName], [DataSource], [Sequence], [CreatedBy], [CreatedDate]) VALUES (36, NULL, 7, N'RadioControlId', N'All Properties', N'AllPropertiesDataSource', 2, 2198, CAST(N'2020-02-05T00:00:00.000' AS DateTime))
IF NOT EXISTS (SELECT 1 FROM[UserManagement].[Control] WHERE  [ControlId] = 37)
INSERT [UserManagement].[Control] ([ControlId], [ParentControlId], [ControlTypeId], [UIId], [DisplayName], [DataSource], [Sequence], [CreatedBy], [CreatedDate]) VALUES (37, NULL, 2, N'SelectGridId', NULL, NULL, 3, 2198, CAST(N'2020-02-05T00:00:00.000' AS DateTime))
IF NOT EXISTS (SELECT 1 FROM[UserManagement].[Control] WHERE  [ControlId] = 38)
INSERT [UserManagement].[Control] ([ControlId], [ParentControlId], [ControlTypeId], [UIId], [DisplayName], [DataSource], [Sequence], [CreatedBy], [CreatedDate]) VALUES (38, 37, 4, N'PropertyNameColumnUIId', N'Property', NULL, 1, 2198, CAST(N'2020-02-05T00:00:00.000' AS DateTime))
IF NOT EXISTS (SELECT 1 FROM[UserManagement].[Control] WHERE  [ControlId] = 39)
INSERT [UserManagement].[Control] ([ControlId], [ParentControlId], [ControlTypeId], [UIId], [DisplayName], [DataSource], [Sequence], [CreatedBy], [CreatedDate]) VALUES (39, 37, 4, N'StateColumnUIId', N'State', NULL, 2, 2198, CAST(N'2020-02-05T00:00:00.000' AS DateTime))
IF NOT EXISTS (SELECT 1 FROM[UserManagement].[Control] WHERE  [ControlId] = 40)
INSERT [UserManagement].[Control] ([ControlId], [ParentControlId], [ControlTypeId], [UIId], [DisplayName], [DataSource], [Sequence], [CreatedBy], [CreatedDate]) VALUES (40, 38, 5, N'PropertyLabelUIId', NULL, NULL, 1, 2198, CAST(N'2020-02-05T00:00:00.000' AS DateTime))
IF NOT EXISTS (SELECT 1 FROM[UserManagement].[Control] WHERE  [ControlId] = 41)
INSERT [UserManagement].[Control] ([ControlId], [ParentControlId], [ControlTypeId], [UIId], [DisplayName], [DataSource], [Sequence], [CreatedBy], [CreatedDate]) VALUES (41, 39, 5, N'StateLabelUIId', NULL, N'StateLabelDataSourceId', 1, 2198, CAST(N'2020-02-05T00:00:00.000' AS DateTime))
IF NOT EXISTS (SELECT 1 FROM[UserManagement].[Control] WHERE  [ControlId] = 42)
INSERT [UserManagement].[Control] ([ControlId], [ParentControlId], [ControlTypeId], [UIId], [DisplayName], [DataSource], [Sequence], [CreatedBy], [CreatedDate]) VALUES (42, NULL, 2, N'SelectGridId', NULL, NULL, 1, 2198, CAST(N'2020-02-05T00:00:00.000' AS DateTime))
IF NOT EXISTS (SELECT 1 FROM[UserManagement].[Control] WHERE  [ControlId] = 43)
INSERT [UserManagement].[Control] ([ControlId], [ParentControlId], [ControlTypeId], [UIId], [DisplayName], [DataSource], [Sequence], [CreatedBy], [CreatedDate]) VALUES (43, 42, 4, N'RoleColumnUIId', N'Role', NULL, 1, 2198, CAST(N'2020-02-05T00:00:00.000' AS DateTime))
IF NOT EXISTS (SELECT 1 FROM[UserManagement].[Control] WHERE  [ControlId] = 44)
INSERT [UserManagement].[Control] ([ControlId], [ParentControlId], [ControlTypeId], [UIId], [DisplayName], [DataSource], [Sequence], [CreatedBy], [CreatedDate]) VALUES (44, 43, 5, N'RoleLabelUIId', NULL, N'RoleLabelDataSourceId', 1, 2198, CAST(N'2020-02-05T00:00:00.000' AS DateTime))

SET IDENTITY_INSERT [UserManagement].[Control] OFF

SET IDENTITY_INSERT [UserManagement].[ProductPage] ON 

IF NOT EXISTS (SELECT 1 FROM[UserManagement].[ProductPage] WHERE  [ProductPageId] = 2)
INSERT [UserManagement].[ProductPage] ([ProductPageId], [ProductId], [DisplayName], [CreatedBy], [CreatedDate]) VALUES (2, 8, N'Financial Product Suite Access', 2198, CAST(N'2020-01-28T00:00:00.000' AS DateTime))
IF NOT EXISTS (SELECT 1 FROM[UserManagement].[ProductPage] WHERE  [ProductPageId] = 3)
INSERT [UserManagement].[ProductPage] ([ProductPageId], [ProductId], [DisplayName], [CreatedBy], [CreatedDate]) VALUES (3, 10, N'Prospect Contact Center Product Access', 2198, CAST(N'2020-02-05T00:00:00.000' AS DateTime))
IF NOT EXISTS (SELECT 1 FROM[UserManagement].[ProductPage] WHERE  [ProductPageId] = 4)
INSERT [UserManagement].[ProductPage] ([ProductPageId], [ProductId], [DisplayName], [CreatedBy], [CreatedDate]) VALUES (4, 14, N'Client Portal Product Access', 2198, CAST(N'2020-02-05T00:00:00.000' AS DateTime))

SET IDENTITY_INSERT [UserManagement].[ProductPage] OFF

SET IDENTITY_INSERT [UserManagement].[ProductPageControl] ON 

IF NOT EXISTS (SELECT 1 FROM[UserManagement].[ProductPageControl] WHERE  [ProductPageControlId] = 1)
INSERT [UserManagement].[ProductPageControl] ([ProductPageControlId], [ProductPageId], [ControlId], [CreatedBy], [CreatedDate]) VALUES (1, 2, 3, 2198, CAST(N'2020-01-28T00:00:00.000' AS DateTime))
IF NOT EXISTS (SELECT 1 FROM[UserManagement].[ProductPageControl] WHERE  [ProductPageControlId] = 2)
INSERT [UserManagement].[ProductPageControl] ([ProductPageControlId], [ProductPageId], [ControlId], [CreatedBy], [CreatedDate]) VALUES (2, 2, 4, 2198, CAST(N'2020-01-28T00:00:00.000' AS DateTime))
IF NOT EXISTS (SELECT 1 FROM[UserManagement].[ProductPageControl] WHERE  [ProductPageControlId] = 3)
INSERT [UserManagement].[ProductPageControl] ([ProductPageControlId], [ProductPageId], [ControlId], [CreatedBy], [CreatedDate]) VALUES (3, 2, 5, 2198, CAST(N'2020-01-28T00:00:00.000' AS DateTime))
IF NOT EXISTS (SELECT 1 FROM[UserManagement].[ProductPageControl] WHERE  [ProductPageControlId] = 4)
INSERT [UserManagement].[ProductPageControl] ([ProductPageControlId], [ProductPageId], [ControlId], [CreatedBy], [CreatedDate]) VALUES (4, 2, 6, 2198, CAST(N'2020-01-28T00:00:00.000' AS DateTime))

SET IDENTITY_INSERT [UserManagement].[ProductPageControl] OFF

SET IDENTITY_INSERT [UserManagement].[TabType] ON 

IF NOT EXISTS (SELECT 1 FROM[UserManagement].[TabType] WHERE  [TabTypeId] = 9)
INSERT [UserManagement].[TabType] ([TabTypeId], [UIId], [DisplayName], [Sequence], [CreatedBy], [CreatedDate]) VALUES (9, N'SomeId', N'Companies', 1, 2198, CAST(N'2020-01-28T00:00:00.000' AS DateTime))
IF NOT EXISTS (SELECT 1 FROM[UserManagement].[TabType] WHERE  [TabTypeId] = 10)
INSERT [UserManagement].[TabType] ([TabTypeId], [UIId], [DisplayName], [Sequence], [CreatedBy], [CreatedDate]) VALUES (10, N'SomeId', N'Entities', 2, 2198, CAST(N'2020-01-28T00:00:00.000' AS DateTime))
IF NOT EXISTS (SELECT 1 FROM[UserManagement].[TabType] WHERE  [TabTypeId] = 11)
INSERT [UserManagement].[TabType] ([TabTypeId], [UIId], [DisplayName], [Sequence], [CreatedBy], [CreatedDate]) VALUES (11, N'SomeId', N'Roles', 3, 2198, CAST(N'2020-01-25T00:00:00.000' AS DateTime))
IF NOT EXISTS (SELECT 1 FROM[UserManagement].[TabType] WHERE  [TabTypeId] = 12)
INSERT [UserManagement].[TabType] ([TabTypeId], [UIId], [DisplayName], [Sequence], [CreatedBy], [CreatedDate]) VALUES (12, N'SomeId', N'Properties', 1, 2198, CAST(N'2020-02-05T00:00:00.000' AS DateTime))

SET IDENTITY_INSERT [UserManagement].[TabType] OFF

SET IDENTITY_INSERT [UserManagement].[TabTypeControl] ON 

IF NOT EXISTS (SELECT 1 FROM[UserManagement].[TabTypeControl] WHERE  [TabTypeControlId] = 1)
INSERT [UserManagement].[TabTypeControl] ([TabTypeControlId], [TabTypeId], [ProductPageId], [ControlId], [CreatedBy], [CreatedDate]) VALUES (1, 9, 2, 7, 2198, CAST(N'2020-01-28T00:00:00.000' AS DateTime))
IF NOT EXISTS (SELECT 1 FROM[UserManagement].[TabTypeControl] WHERE  [TabTypeControlId] = 2)
INSERT [UserManagement].[TabTypeControl] ([TabTypeControlId], [TabTypeId], [ProductPageId], [ControlId], [CreatedBy], [CreatedDate]) VALUES (2, 9, 2, 8, 2198, CAST(N'2020-01-28T00:00:00.000' AS DateTime))
IF NOT EXISTS (SELECT 1 FROM[UserManagement].[TabTypeControl] WHERE  [TabTypeControlId] = 3)
INSERT [UserManagement].[TabTypeControl] ([TabTypeControlId], [TabTypeId], [ProductPageId], [ControlId], [CreatedBy], [CreatedDate]) VALUES (3, 9, 2, 9, 2198, CAST(N'2020-01-28T00:00:00.000' AS DateTime))
IF NOT EXISTS (SELECT 1 FROM[UserManagement].[TabTypeControl] WHERE  [TabTypeControlId] = 4)
INSERT [UserManagement].[TabTypeControl] ([TabTypeControlId], [TabTypeId], [ProductPageId], [ControlId], [CreatedBy], [CreatedDate]) VALUES (4, 10, 2, 10, 2198, CAST(N'2020-01-28T00:00:00.000' AS DateTime))
IF NOT EXISTS (SELECT 1 FROM[UserManagement].[TabTypeControl] WHERE  [TabTypeControlId] = 5)
INSERT [UserManagement].[TabTypeControl] ([TabTypeControlId], [TabTypeId], [ProductPageId], [ControlId], [CreatedBy], [CreatedDate]) VALUES (5, 10, 2, 11, 2198, CAST(N'2020-01-28T00:00:00.000' AS DateTime))
IF NOT EXISTS (SELECT 1 FROM[UserManagement].[TabTypeControl] WHERE  [TabTypeControlId] = 7)
INSERT [UserManagement].[TabTypeControl] ([TabTypeControlId], [TabTypeId], [ProductPageId], [ControlId], [CreatedBy], [CreatedDate]) VALUES (7, 10, 2, 13, 2198, CAST(N'2020-01-28T00:00:00.000' AS DateTime))
IF NOT EXISTS (SELECT 1 FROM[UserManagement].[TabTypeControl] WHERE  [TabTypeControlId] = 8)
INSERT [UserManagement].[TabTypeControl] ([TabTypeControlId], [TabTypeId], [ProductPageId], [ControlId], [CreatedBy], [CreatedDate]) VALUES (8, 10, 2, 14, 2198, CAST(N'2020-01-28T00:00:00.000' AS DateTime))
IF NOT EXISTS (SELECT 1 FROM[UserManagement].[TabTypeControl] WHERE  [TabTypeControlId] = 9)
INSERT [UserManagement].[TabTypeControl] ([TabTypeControlId], [TabTypeId], [ProductPageId], [ControlId], [CreatedBy], [CreatedDate]) VALUES (9, 10, 2, 15, 2198, CAST(N'2020-01-28T00:00:00.000' AS DateTime))
IF NOT EXISTS (SELECT 1 FROM[UserManagement].[TabTypeControl] WHERE  [TabTypeControlId] = 11)
INSERT [UserManagement].[TabTypeControl] ([TabTypeControlId], [TabTypeId], [ProductPageId], [ControlId], [CreatedBy], [CreatedDate]) VALUES (11, 11, 2, 16, 2198, CAST(N'2020-01-28T00:00:00.000' AS DateTime))
IF NOT EXISTS (SELECT 1 FROM[UserManagement].[TabTypeControl] WHERE  [TabTypeControlId] = 12)
INSERT [UserManagement].[TabTypeControl] ([TabTypeControlId], [TabTypeId], [ProductPageId], [ControlId], [CreatedBy], [CreatedDate]) VALUES (12, 11, 2, 17, 2198, CAST(N'2020-01-28T00:00:00.000' AS DateTime))
IF NOT EXISTS (SELECT 1 FROM[UserManagement].[TabTypeControl] WHERE  [TabTypeControlId] = 13)
INSERT [UserManagement].[TabTypeControl] ([TabTypeControlId], [TabTypeId], [ProductPageId], [ControlId], [CreatedBy], [CreatedDate]) VALUES (13, 12, 3, 25, 2198, CAST(N'2020-02-05T00:00:00.000' AS DateTime))
IF NOT EXISTS (SELECT 1 FROM[UserManagement].[TabTypeControl] WHERE  [TabTypeControlId] = 14)
INSERT [UserManagement].[TabTypeControl] ([TabTypeControlId], [TabTypeId], [ProductPageId], [ControlId], [CreatedBy], [CreatedDate]) VALUES (14, 12, 3, 26, 2198, CAST(N'2020-02-05T00:00:00.000' AS DateTime))
IF NOT EXISTS (SELECT 1 FROM[UserManagement].[TabTypeControl] WHERE  [TabTypeControlId] = 15)
INSERT [UserManagement].[TabTypeControl] ([TabTypeControlId], [TabTypeId], [ProductPageId], [ControlId], [CreatedBy], [CreatedDate]) VALUES (15, 12, 3, 27, 2198, CAST(N'2020-02-05T00:00:00.000' AS DateTime))
IF NOT EXISTS (SELECT 1 FROM[UserManagement].[TabTypeControl] WHERE  [TabTypeControlId] = 16)
INSERT [UserManagement].[TabTypeControl] ([TabTypeControlId], [TabTypeId], [ProductPageId], [ControlId], [CreatedBy], [CreatedDate]) VALUES (16, 12, 3, 28, 2198, CAST(N'2020-02-05T00:00:00.000' AS DateTime))
IF NOT EXISTS (SELECT 1 FROM[UserManagement].[TabTypeControl] WHERE  [TabTypeControlId] = 17)
INSERT [UserManagement].[TabTypeControl] ([TabTypeControlId], [TabTypeId], [ProductPageId], [ControlId], [CreatedBy], [CreatedDate]) VALUES (17, 12, 3, 29, 2198, CAST(N'2020-02-05T00:00:00.000' AS DateTime))
IF NOT EXISTS (SELECT 1 FROM[UserManagement].[TabTypeControl] WHERE  [TabTypeControlId] = 18)
INSERT [UserManagement].[TabTypeControl] ([TabTypeControlId], [TabTypeId], [ProductPageId], [ControlId], [CreatedBy], [CreatedDate]) VALUES (18, 12, 3, 32, 2198, CAST(N'2020-02-05T00:00:00.000' AS DateTime))
IF NOT EXISTS (SELECT 1 FROM[UserManagement].[TabTypeControl] WHERE  [TabTypeControlId] = 19)
INSERT [UserManagement].[TabTypeControl] ([TabTypeControlId], [TabTypeId], [ProductPageId], [ControlId], [CreatedBy], [CreatedDate]) VALUES (19, 12, 3, 33, 2198, CAST(N'2020-02-05T00:00:00.000' AS DateTime))
IF NOT EXISTS (SELECT 1 FROM[UserManagement].[TabTypeControl] WHERE  [TabTypeControlId] = 20)
INSERT [UserManagement].[TabTypeControl] ([TabTypeControlId], [TabTypeId], [ProductPageId], [ControlId], [CreatedBy], [CreatedDate]) VALUES (20, 12, 3, 34, 2198, CAST(N'2020-02-05T00:00:00.000' AS DateTime))
IF NOT EXISTS (SELECT 1 FROM[UserManagement].[TabTypeControl] WHERE  [TabTypeControlId] = 11)
INSERT [UserManagement].[TabTypeControl] ([TabTypeControlId], [TabTypeId], [ProductPageId], [ControlId], [CreatedBy], [CreatedDate]) VALUES (21, 12, 4, 35, 2198, CAST(N'2020-02-05T00:00:00.000' AS DateTime))
IF NOT EXISTS (SELECT 1 FROM[UserManagement].[TabTypeControl] WHERE  [TabTypeControlId] = 22)
INSERT [UserManagement].[TabTypeControl] ([TabTypeControlId], [TabTypeId], [ProductPageId], [ControlId], [CreatedBy], [CreatedDate]) VALUES (22, 12, 4, 36, 2198, CAST(N'2020-02-05T00:00:00.000' AS DateTime))
IF NOT EXISTS (SELECT 1 FROM[UserManagement].[TabTypeControl] WHERE  [TabTypeControlId] = 23)
INSERT [UserManagement].[TabTypeControl] ([TabTypeControlId], [TabTypeId], [ProductPageId], [ControlId], [CreatedBy], [CreatedDate]) VALUES (23, 11, 4, 42, 2198, CAST(N'2020-02-05T00:00:00.000' AS DateTime))
IF NOT EXISTS (SELECT 1 FROM[UserManagement].[TabTypeControl] WHERE  [TabTypeControlId] = 24)
INSERT [UserManagement].[TabTypeControl] ([TabTypeControlId], [TabTypeId], [ProductPageId], [ControlId], [CreatedBy], [CreatedDate]) VALUES (24, 11, 4, 43, 2198, CAST(N'2020-02-05T00:00:00.000' AS DateTime))
IF NOT EXISTS (SELECT 1 FROM[UserManagement].[TabTypeControl] WHERE  [TabTypeControlId] = 25)
INSERT [UserManagement].[TabTypeControl] ([TabTypeControlId], [TabTypeId], [ProductPageId], [ControlId], [CreatedBy], [CreatedDate]) VALUES (25, 11, 4, 44, 2198, CAST(N'2020-02-05T00:00:00.000' AS DateTime))
IF NOT EXISTS (SELECT 1 FROM[UserManagement].[TabTypeControl] WHERE  [TabTypeControlId] = 26)
INSERT [UserManagement].[TabTypeControl] ([TabTypeControlId], [TabTypeId], [ProductPageId], [ControlId], [CreatedBy], [CreatedDate]) VALUES (26, 12, 4, 37, 2198, CAST(N'2020-02-05T00:00:00.000' AS DateTime))

SET IDENTITY_INSERT [UserManagement].[TabTypeControl] OFF

SET IDENTITY_INSERT [UserManagement].[ProductPageTabType] ON 

IF NOT EXISTS (SELECT 1 FROM[UserManagement].[ProductPageTabType] WHERE  [ProductPageTabTypeId] = 1)
INSERT [UserManagement].[ProductPageTabType] ([ProductPageTabTypeId], [ProductPageId], [TabTypeId], [Sequence], [CreatedBy], [CreatedDate]) VALUES (1, 2, 9, 1, 2198, CAST(N'2020-01-28T00:00:00.000' AS DateTime))
IF NOT EXISTS (SELECT 1 FROM[UserManagement].[ProductPageTabType] WHERE  [ProductPageTabTypeId] = 2)
INSERT [UserManagement].[ProductPageTabType] ([ProductPageTabTypeId], [ProductPageId], [TabTypeId], [Sequence], [CreatedBy], [CreatedDate]) VALUES (2, 2, 10, 2, 2198, CAST(N'2020-01-28T00:00:00.000' AS DateTime))
IF NOT EXISTS (SELECT 1 FROM[UserManagement].[ProductPageTabType] WHERE  [ProductPageTabTypeId] = 3)
INSERT [UserManagement].[ProductPageTabType] ([ProductPageTabTypeId], [ProductPageId], [TabTypeId], [Sequence], [CreatedBy], [CreatedDate]) VALUES (3, 2, 11, 3, 2198, CAST(N'2020-01-25T00:00:00.000' AS DateTime))
IF NOT EXISTS (SELECT 1 FROM[UserManagement].[ProductPageTabType] WHERE  [ProductPageTabTypeId] = 4)
INSERT [UserManagement].[ProductPageTabType] ([ProductPageTabTypeId], [ProductPageId], [TabTypeId], [Sequence], [CreatedBy], [CreatedDate]) VALUES (4, 3, 12, 1, 2198, CAST(N'2020-02-05T00:00:00.000' AS DateTime))
IF NOT EXISTS (SELECT 1 FROM[UserManagement].[ProductPageTabType] WHERE  [ProductPageTabTypeId] = 5)
INSERT [UserManagement].[ProductPageTabType] ([ProductPageTabTypeId], [ProductPageId], [TabTypeId], [Sequence], [CreatedBy], [CreatedDate]) VALUES (5, 4, 12, 1, 2198, CAST(N'2020-02-05T00:00:00.000' AS DateTime))
IF NOT EXISTS (SELECT 1 FROM[UserManagement].[ProductPageTabType] WHERE  [ProductPageTabTypeId] = 6)
INSERT [UserManagement].[ProductPageTabType] ([ProductPageTabTypeId], [ProductPageId], [TabTypeId], [Sequence], [CreatedBy], [CreatedDate]) VALUES (6, 4, 11, 2, 2198, CAST(N'2020-02-05T00:00:00.000' AS DateTime))

SET IDENTITY_INSERT [UserManagement].[ProductPageTabType] OFF
GO
