
	DELETE FROM Enterprise.PersonaConfiguration
	DELETE FROM Ident.SamlUserAttribute
	DELETE FROM Person.ActivePersona
	DELETE FROM Enterprise.ProductConfiguration
	DELETE FROM Enterprise.OrganizationProduct
	DELETE FROM Enterprise.GlobalProductConfiguration
	DELETE FROM Ident.SamlProductSettings 
	DELETE FROM Enterprise.ProductRelationship 
	DELETE FROM Enterprise.Organization
	DELETE FROM Enterprise.PartyRole 
	DELETE FROM Ident.IdentityProviderSetting
	DELETE FROM Enterprise.ProductBatch
	DELETE FROM Ident.UserCurrentStatus
	DELETE FROM Enterprise.StatusType
	DELETE FROM Enterprise.StatusTypeCategory
	DELETE FROM Enterprise.RelationshipType
	DELETE FROM Enterprise.Product
	DELETE FROM Enterprise.ProductType
	DELETE FROM Enterprise.ProductSetting
	DELETE FROM Enterprise.ProductSettingType
	DELETE FROM Enterprise.ContactMechanismUsageType
	DELETE FROM Enterprise.[Configuration]
	DELETE FROM Enterprise.GeographicBoundary
	DELETE FROM Enterprise.GeographicBoundaryType
	DELETE FROM Enterprise.StatusTypeCategoryType
	DELETE FROM Enterprise.RoleType
	DELETE FROM Enterprise.ContactMechanism
	DELETE FROM Ident.IdentityProviderSettingType
	DELETE FROM Ident.IdentityProviderType
	DELETE FROM Ident.SamlAttribute
	DELETE FROM Ident.SamlAttributeType
	DELETE FROM Ident.SecurityQuestion
	DELETE FROM Person.Person
	DELETE FROM Person.Persona
	DELETE FROM Person.PersonaType
	DELETE FROM Person.PersonaEnvironmentType	
	DELETE FROM Ident.PasswordHistory
	DELETE FROM Ident.ActivityAttempts
	DELETE FROM Ident.ActivityToken
	DELETE FROM Ident.UserLogin
	DELETE FROM Ident.Activity
	DELETE FROM Ident.PasswordPolicy
	DELETE FROM Enterprise.Party
	DELETE FROM Enterprise.DataImportApplication
	DELETE FROM Enterprise.DataImportMapping
	--DELETE FROM Enterprise.PartyRelationship
	--DELETE FROM Ident.Tokens	
	--DELETE FROM Ident.SamlAttributeStatement

	Print 'Insert Enterprise.Party'
	SET IDENTITY_INSERT Enterprise.Party ON
	INSERT INTO Enterprise.Party (PartyId,RealPageId,CreateDate) VALUES(3, '9E9410AE-2C41-47D2-81D1-109C08CD151C', 'Mar 20 2017  7:41PM')
	INSERT INTO Enterprise.Party (PartyId,RealPageId,CreateDate) VALUES(4, '7D2BE3B0-8652-4E7D-A7A3-80275A2E9AB1', 'Mar 20 2017  7:41PM')
	INSERT INTO Enterprise.Party (PartyId,RealPageId,CreateDate) VALUES(5, 'E0F512CE-D7B8-4CC9-998C-6CEFD046BE11', 'Mar 20 2017  7:41PM')
	INSERT INTO Enterprise.Party (PartyId,RealPageId,CreateDate) VALUES(6, '724DE532-7969-42B5-9E71-2955167179BA', 'Mar 20 2017  7:41PM')
	INSERT INTO Enterprise.Party (PartyId,RealPageId,CreateDate) VALUES(11, '7D2BE3B0-8652-4E7D-A7A3-80275B2E9AB1', 'Mar 22 2017  2:24PM')
	INSERT INTO Enterprise.Party (PartyId,RealPageId,CreateDate) VALUES(16, 'D6BC2CB8-D62F-4292-8DED-8E1A04A3C816', 'Apr 10 2017  6:59PM')
	INSERT INTO Enterprise.Party (PartyId,RealPageId,CreateDate) VALUES(17, '3E3B15DF-8A9F-4673-8788-8BECD28C501F', 'Apr 10 2017  6:59PM')
	INSERT INTO Enterprise.Party (PartyId,RealPageId,CreateDate) VALUES(18, '3D191F20-B996-49F2-910A-9E481326D6CB', 'Apr 10 2017  7:00PM')
	INSERT INTO Enterprise.Party (PartyId,RealPageId,CreateDate) VALUES(20, 'C802694D-5553-4527-8616-3C0F434AE621', 'Apr 12 2017  9:17PM')
	INSERT INTO Enterprise.Party (PartyId,RealPageId,CreateDate) VALUES(33, 'c9167175-0676-4546-bba7-4a49d5809b1f', '2017-04-19 23:34:39.183')
	INSERT INTO Enterprise.Party (PartyId,RealPageId,CreateDate) VALUES(36, '55e39039-5796-4b5e-bbe0-56487a8fa228', '2017-04-20 02:23:29.430')
	INSERT INTO Enterprise.Party (PartyId,RealPageId,CreateDate) VALUES(42, '7C9E6679-7425-40DE-944B-E07FC1F90AE7', 'May 22 2017  4:58PM')
	INSERT INTO Enterprise.Party (PartyId,RealPageId,CreateDate) VALUES(347, 'EE37EB59-2FEB-41E5-910A-F1181E67CF72', 'Jun 27 2017  4:15PM')
	INSERT INTO Enterprise.Party (PartyId,RealPageId,CreateDate) VALUES(348, 'CD81C58D-D917-4D77-82D1-7C7B3F728CCC', 'Jun 27 2017  5:19PM')
	INSERT INTO Enterprise.Party (PartyId,RealPageId,CreateDate) VALUES(349, '6E7D6586-763A-4DCC-9F65-5C8949672A45', 'Jun 27 2017  5:23PM')
	INSERT INTO Enterprise.Party (PartyId,RealPageId,CreateDate) VALUES(350, 'F5C090FA-78AB-452F-B504-98AAFEE09121', 'Jun 28 2017  6:54PM')
	INSERT INTO Enterprise.Party (PartyId,RealPageId,CreateDate) VALUES(351, '2E4E57EF-9796-4DD1-B511-5C3C22573712', 'Jun 28 2017  6:55PM')
	INSERT INTO Enterprise.Party (PartyId,RealPageId,CreateDate) VALUES(352, '813A0B8F-2EC7-4EDD-AB10-E7B8FF247D7E', 'Jun 28 2017  6:55PM')
	INSERT INTO Enterprise.Party (PartyId,RealPageId,CreateDate) VALUES(353, 'B682B7AA-8DD0-414E-97DC-4781DCA95453', 'Jun 28 2017  6:55PM')
	INSERT INTO Enterprise.Party (PartyId,RealPageId,CreateDate) VALUES(354, 'F6FC334D-83C1-4664-B6EF-CF7188349CF1', 'Jun 28 2017  6:55PM')
	INSERT INTO Enterprise.Party (PartyId,RealPageId,CreateDate) VALUES(355, '65AFB884-3C7B-4B81-B8CA-549D466BC7B8', 'Jun 28 2017  6:56PM')
	SET IDENTITY_INSERT Enterprise.Party OFF

	SET IDENTITY_INSERT Enterprise.DataImportApplication ON
	INSERT INTO Enterprise.DataImportApplication (DataImportApplicationId, Name, Description ) VALUES (1, 'BlueBook', 'BlueBook Integration application')
	SET IDENTITY_INSERT Enterprise.DataImportApplication OFF

	SET IDENTITY_INSERT Enterprise.DataImportMapping ON
	INSERT INTO Enterprise.DataImportMapping(DataImportMappingId, DataImportApplicationId, SourceId, PartyId, DateCreated) VALUES (12, 1, 9895, 3, 'Jul  6 2017  7:17PM')
	SET IDENTITY_INSERT Enterprise.DataImportMapping OFF

	SET IDENTITY_INSERT Enterprise.ContactMechanism ON
	INSERT INTO Enterprise.ContactMechanism (ContactMechanismId) VALUES(45)
	INSERT INTO Enterprise.ContactMechanism (ContactMechanismId) VALUES(46)
	INSERT INTO Enterprise.ContactMechanism (ContactMechanismId) VALUES(47)
	INSERT INTO Enterprise.ContactMechanism (ContactMechanismId) VALUES(48)
	INSERT INTO Enterprise.ContactMechanism (ContactMechanismId) VALUES(71)
	INSERT INTO Enterprise.ContactMechanism (ContactMechanismId) VALUES(76)
	INSERT INTO Enterprise.ContactMechanism (ContactMechanismId) VALUES(77)
	INSERT INTO Enterprise.ContactMechanism (ContactMechanismId) VALUES(80)
	INSERT INTO Enterprise.ContactMechanism (ContactMechanismId) VALUES(1017)
	INSERT INTO Enterprise.ContactMechanism (ContactMechanismId) VALUES(1019)
	INSERT INTO Enterprise.ContactMechanism (ContactMechanismId) VALUES(1020)
	INSERT INTO Enterprise.ContactMechanism (ContactMechanismId) VALUES(1021)
	INSERT INTO Enterprise.ContactMechanism (ContactMechanismId) VALUES(1031)
	INSERT INTO Enterprise.ContactMechanism (ContactMechanismId) VALUES(1032)
	INSERT INTO Enterprise.ContactMechanism (ContactMechanismId) VALUES(1033)
	INSERT INTO Enterprise.ContactMechanism (ContactMechanismId) VALUES(1036)
	INSERT INTO Enterprise.ContactMechanism (ContactMechanismId) VALUES(1037)
	INSERT INTO Enterprise.ContactMechanism (ContactMechanismId) VALUES(1047)
	INSERT INTO Enterprise.ContactMechanism (ContactMechanismId) VALUES(1104)
	INSERT INTO Enterprise.ContactMechanism (ContactMechanismId) VALUES(1105)
	SET IDENTITY_INSERT Enterprise.ContactMechanism OFF

	SET IDENTITY_INSERT Enterprise.PartyContactMechanism ON
	INSERT INTO Enterprise.PartyContactMechanism(PartyContactMechanismId, PartyId, ContactMechanismId, FromDate, ThruDate) VALUES(37, 3, 46, 'Apr 19 2017 10:15PM', NULL)
	INSERT INTO Enterprise.PartyContactMechanism(PartyContactMechanismId, PartyId, ContactMechanismId, FromDate, ThruDate) VALUES(10028, 3, 1021, 'Jun  8 2017 12:09AM', 'Dec 31 2099 12:00AM')
	INSERT INTO Enterprise.PartyContactMechanism(PartyContactMechanismId, PartyId, ContactMechanismId, FromDate, ThruDate) VALUES(10023, 4, 47, 'May 22 2017  5:09PM', NULL)
	INSERT INTO Enterprise.PartyContactMechanism(PartyContactMechanismId, PartyId, ContactMechanismId, FromDate, ThruDate) VALUES(39, 5, 48, 'Apr 19 2017 10:18PM', NULL)
	INSERT INTO Enterprise.PartyContactMechanism(PartyContactMechanismId, PartyId, ContactMechanismId, FromDate, ThruDate) VALUES(10022, 20, 45, 'May 22 2017  5:09PM', NULL)
	INSERT INTO Enterprise.PartyContactMechanism(PartyContactMechanismId, PartyId, ContactMechanismId, FromDate, ThruDate) VALUES(67, 33, 71, 'Apr 19 2017 11:34PM', NULL)
	INSERT INTO Enterprise.PartyContactMechanism(PartyContactMechanismId, PartyId, ContactMechanismId, FromDate, ThruDate) VALUES(66, 33, 76, 'Apr 19 2017 11:34PM', NULL)
	INSERT INTO Enterprise.PartyContactMechanism(PartyContactMechanismId, PartyId, ContactMechanismId, FromDate, ThruDate) VALUES(10024, 33, 1017, 'Apr  6 2017  6:11PM', 'Dec 31 2099  6:11PM')
	INSERT INTO Enterprise.PartyContactMechanism(PartyContactMechanismId, PartyId, ContactMechanismId, FromDate, ThruDate) VALUES(10026, 33, 1019, 'Apr  6 2017  6:11PM', 'Jun 12 2017  8:21PM')
	INSERT INTO Enterprise.PartyContactMechanism(PartyContactMechanismId, PartyId, ContactMechanismId, FromDate, ThruDate) VALUES(10027, 33, 1020, 'Apr  6 2017  6:11PM', NULL)
	INSERT INTO Enterprise.PartyContactMechanism(PartyContactMechanismId, PartyId, ContactMechanismId, FromDate, ThruDate) VALUES(10029, 33, 1031, 'Jun  8 2017  9:58PM', 'Jun 12 2017  8:21PM')
	INSERT INTO Enterprise.PartyContactMechanism(PartyContactMechanismId, PartyId, ContactMechanismId, FromDate, ThruDate) VALUES(10030, 33, 1032, 'Jun  8 2017 10:19PM', 'Jun 12 2017  8:21PM')
	INSERT INTO Enterprise.PartyContactMechanism(PartyContactMechanismId, PartyId, ContactMechanismId, FromDate, ThruDate) VALUES(10031, 33, 1033, 'Jun  9 2017  4:58PM', 'Jun  9 2017  6:28PM')
	INSERT INTO Enterprise.PartyContactMechanism(PartyContactMechanismId, PartyId, ContactMechanismId, FromDate, ThruDate) VALUES(10034, 33, 1036, 'Jun 12 2017  4:59PM', 'Dec 31 9999 11:59PM')
	INSERT INTO Enterprise.PartyContactMechanism(PartyContactMechanismId, PartyId, ContactMechanismId, FromDate, ThruDate) VALUES(10035, 33, 1037, 'Jun 12 2017  5:02PM', 'Jun 12 2017  8:21PM')
	INSERT INTO Enterprise.PartyContactMechanism(PartyContactMechanismId, PartyId, ContactMechanismId, FromDate, ThruDate) VALUES(10045, 33, 1047, 'Jun 12 2017  7:19PM', NULL)
	INSERT INTO Enterprise.PartyContactMechanism(PartyContactMechanismId, PartyId, ContactMechanismId, FromDate, ThruDate) VALUES(10101, 33, 1104, 'Jun 28 2017  6:11PM', 'Dec 31 2099  6:11PM')
	INSERT INTO Enterprise.PartyContactMechanism(PartyContactMechanismId, PartyId, ContactMechanismId, FromDate, ThruDate) VALUES(80, 36, 71, 'Apr 20 2017  2:23AM', NULL)
	INSERT INTO Enterprise.PartyContactMechanism(PartyContactMechanismId, PartyId, ContactMechanismId, FromDate, ThruDate) VALUES(79, 36, 80, 'Apr 20 2017  2:23AM', NULL)
	INSERT INTO Enterprise.PartyContactMechanism(PartyContactMechanismId, PartyId, ContactMechanismId, FromDate, ThruDate) VALUES(10102, 36, 1105, 'Jun 28 2017  6:11PM', 'Dec 31 2099  6:11PM')
	INSERT INTO Enterprise.PartyContactMechanism(PartyContactMechanismId, PartyId, ContactMechanismId, FromDate, ThruDate) VALUES(10021, 42, 77, 'May 22 2017  5:09PM', NULL)
	SET IDENTITY_INSERT Enterprise.PartyContactMechanism OFF

	SET IDENTITY_INSERT Ident.ContactMechanismIdentity ON
	INSERT INTO Ident.ContactMechanismIdentity (ContactMechanismIdentityId, ContactMechanismId, IdentityProviderSettingId, FromDate, ThruDate) VALUES (1, 45, 1, 'Apr 19 2017  9:03PM', NULL)
	INSERT INTO Ident.ContactMechanismIdentity (ContactMechanismIdentityId, ContactMechanismId, IdentityProviderSettingId, FromDate, ThruDate) VALUES (2, 45, 5, 'Apr 19 2017  9:03PM', NULL)
	INSERT INTO Ident.ContactMechanismIdentity (ContactMechanismIdentityId, ContactMechanismId, IdentityProviderSettingId, FromDate, ThruDate) VALUES (3, 45, 7, 'Apr 19 2017  9:03PM', NULL)
	INSERT INTO Ident.ContactMechanismIdentity (ContactMechanismIdentityId, ContactMechanismId, IdentityProviderSettingId, FromDate, ThruDate) VALUES (4, 45, 8, 'Apr 19 2017  9:03PM', NULL)
	INSERT INTO Ident.ContactMechanismIdentity (ContactMechanismIdentityId, ContactMechanismId, IdentityProviderSettingId, FromDate, ThruDate) VALUES (5, 45, 11, 'Apr 19 2017  9:03PM', NULL)
	INSERT INTO Ident.ContactMechanismIdentity (ContactMechanismIdentityId, ContactMechanismId, IdentityProviderSettingId, FromDate, ThruDate) VALUES (6, 45, 12, 'Apr 19 2017  9:03PM', NULL)
	INSERT INTO Ident.ContactMechanismIdentity (ContactMechanismIdentityId, ContactMechanismId, IdentityProviderSettingId, FromDate, ThruDate) VALUES (7, 45, 15, 'Apr 19 2017  9:03PM', NULL)
	INSERT INTO Ident.ContactMechanismIdentity (ContactMechanismIdentityId, ContactMechanismId, IdentityProviderSettingId, FromDate, ThruDate) VALUES (8, 45, 19, 'Apr 19 2017  9:03PM', NULL)
	INSERT INTO Ident.ContactMechanismIdentity (ContactMechanismIdentityId, ContactMechanismId, IdentityProviderSettingId, FromDate, ThruDate) VALUES (9, 45, 23, 'Apr 19 2017  9:03PM', NULL)
	INSERT INTO Ident.ContactMechanismIdentity (ContactMechanismIdentityId, ContactMechanismId, IdentityProviderSettingId, FromDate, ThruDate) VALUES (10, 45, 24, 'Apr 19 2017  9:03PM', NULL)
	INSERT INTO Ident.ContactMechanismIdentity (ContactMechanismIdentityId, ContactMechanismId, IdentityProviderSettingId, FromDate, ThruDate) VALUES (11, 46, 3, 'Apr 19 2017  9:08PM', NULL)
	INSERT INTO Ident.ContactMechanismIdentity (ContactMechanismIdentityId, ContactMechanismId, IdentityProviderSettingId, FromDate, ThruDate) VALUES (12, 46, 18, 'Apr 19 2017  9:08PM', NULL)
	INSERT INTO Ident.ContactMechanismIdentity (ContactMechanismIdentityId, ContactMechanismId, IdentityProviderSettingId, FromDate, ThruDate) VALUES (13, 46, 22, 'Apr 19 2017  9:08PM', NULL)
	INSERT INTO Ident.ContactMechanismIdentity (ContactMechanismIdentityId, ContactMechanismId, IdentityProviderSettingId, FromDate, ThruDate) VALUES (14, 47, 2, 'Apr 19 2017  9:15PM', NULL)
	INSERT INTO Ident.ContactMechanismIdentity (ContactMechanismIdentityId, ContactMechanismId, IdentityProviderSettingId, FromDate, ThruDate) VALUES (15, 47, 6, 'Apr 19 2017  9:15PM', NULL)
	INSERT INTO Ident.ContactMechanismIdentity (ContactMechanismIdentityId, ContactMechanismId, IdentityProviderSettingId, FromDate, ThruDate) VALUES (16, 47, 9, 'Apr 19 2017  9:15PM', NULL)
	INSERT INTO Ident.ContactMechanismIdentity (ContactMechanismIdentityId, ContactMechanismId, IdentityProviderSettingId, FromDate, ThruDate) VALUES (17, 47, 13, 'Apr 19 2017  9:15PM', NULL)
	INSERT INTO Ident.ContactMechanismIdentity (ContactMechanismIdentityId, ContactMechanismId, IdentityProviderSettingId, FromDate, ThruDate) VALUES (18, 47, 16, 'Apr 19 2017  9:15PM', NULL)
	INSERT INTO Ident.ContactMechanismIdentity (ContactMechanismIdentityId, ContactMechanismId, IdentityProviderSettingId, FromDate, ThruDate) VALUES (19, 47, 20, 'Apr 19 2017  9:15PM', NULL)
	INSERT INTO Ident.ContactMechanismIdentity (ContactMechanismIdentityId, ContactMechanismId, IdentityProviderSettingId, FromDate, ThruDate) VALUES (20, 47, 25, 'Apr 19 2017  9:15PM', NULL)
	INSERT INTO Ident.ContactMechanismIdentity (ContactMechanismIdentityId, ContactMechanismId, IdentityProviderSettingId, FromDate, ThruDate) VALUES (21, 47, 27, 'Apr 19 2017  9:15PM', NULL)
	INSERT INTO Ident.ContactMechanismIdentity (ContactMechanismIdentityId, ContactMechanismId, IdentityProviderSettingId, FromDate, ThruDate) VALUES (22, 48, 4, 'Apr 19 2017  9:16PM', NULL)
	INSERT INTO Ident.ContactMechanismIdentity (ContactMechanismIdentityId, ContactMechanismId, IdentityProviderSettingId, FromDate, ThruDate) VALUES (23, 48, 6, 'Apr 19 2017  9:16PM', NULL)
	INSERT INTO Ident.ContactMechanismIdentity (ContactMechanismIdentityId, ContactMechanismId, IdentityProviderSettingId, FromDate, ThruDate) VALUES (24, 48, 10, 'Apr 19 2017  9:16PM', NULL)
	INSERT INTO Ident.ContactMechanismIdentity (ContactMechanismIdentityId, ContactMechanismId, IdentityProviderSettingId, FromDate, ThruDate) VALUES (25, 48, 14, 'Apr 19 2017  9:16PM', NULL)
	INSERT INTO Ident.ContactMechanismIdentity (ContactMechanismIdentityId, ContactMechanismId, IdentityProviderSettingId, FromDate, ThruDate) VALUES (26, 48, 16, 'Apr 19 2017  9:16PM', NULL)
	INSERT INTO Ident.ContactMechanismIdentity (ContactMechanismIdentityId, ContactMechanismId, IdentityProviderSettingId, FromDate, ThruDate) VALUES (27, 48, 20, 'Apr 19 2017  9:16PM', NULL)
	INSERT INTO Ident.ContactMechanismIdentity (ContactMechanismIdentityId, ContactMechanismId, IdentityProviderSettingId, FromDate, ThruDate) VALUES (28, 48, 26, 'Apr 19 2017  9:16PM', NULL)
	INSERT INTO Ident.ContactMechanismIdentity (ContactMechanismIdentityId, ContactMechanismId, IdentityProviderSettingId, FromDate, ThruDate) VALUES (29, 48, 28, 'Apr 19 2017  9:16PM', NULL)
	INSERT INTO Ident.ContactMechanismIdentity (ContactMechanismIdentityId, ContactMechanismId, IdentityProviderSettingId, FromDate, ThruDate) VALUES (30, 77, 29, 'Apr 20 2017  2:12AM', NULL)
	INSERT INTO Ident.ContactMechanismIdentity (ContactMechanismIdentityId, ContactMechanismId, IdentityProviderSettingId, FromDate, ThruDate) VALUES (31, 77, 30, 'Apr 20 2017  2:12AM', NULL)
	INSERT INTO Ident.ContactMechanismIdentity (ContactMechanismIdentityId, ContactMechanismId, IdentityProviderSettingId, FromDate, ThruDate) VALUES (32, 77, 31, 'Apr 20 2017  2:12AM', NULL)
	INSERT INTO Ident.ContactMechanismIdentity (ContactMechanismIdentityId, ContactMechanismId, IdentityProviderSettingId, FromDate, ThruDate) VALUES (33, 77, 32, 'Apr 20 2017  2:12AM', NULL)
	INSERT INTO Ident.ContactMechanismIdentity (ContactMechanismIdentityId, ContactMechanismId, IdentityProviderSettingId, FromDate, ThruDate) VALUES (34, 77, 33, 'Apr 20 2017  2:12AM', NULL)
	INSERT INTO Ident.ContactMechanismIdentity (ContactMechanismIdentityId, ContactMechanismId, IdentityProviderSettingId, FromDate, ThruDate) VALUES (35, 77, 34, 'Apr 20 2017  2:12AM', NULL)
	SET IDENTITY_INSERT Ident.ContactMechanismIdentity OFF

	INSERT INTO Ident.Activity (ActivityId,ActivityCode,Description,MaxActivityAttemptCount,ActivityTokenExpirationMinutes) VALUES(1,'Login','Login Activity',4,30)
	INSERT INTO Ident.Activity (ActivityId,ActivityCode,Description,MaxActivityAttemptCount,ActivityTokenExpirationMinutes) VALUES(2,'ForgotPassword','Forgot Password',3,30)
	INSERT INTO Ident.Activity (ActivityId,ActivityCode,Description,MaxActivityAttemptCount,ActivityTokenExpirationMinutes) VALUES(3,'ForcedLock','User has forced lock',3,30)
	INSERT INTO Ident.Activity (ActivityId,ActivityCode,Description,MaxActivityAttemptCount,ActivityTokenExpirationMinutes) VALUES(4,'BruteForce','Brute Force Activity',3,30)
	INSERT INTO Ident.Activity (ActivityId,ActivityCode,Description,MaxActivityAttemptCount,ActivityTokenExpirationMinutes) VALUES(5,'QuestionAttempts','Question Attempts',3,30)
	INSERT INTO Ident.Activity (ActivityId,ActivityCode,Description,MaxActivityAttemptCount,ActivityTokenExpirationMinutes) VALUES(6,'VerifyAnswers','Verify Security Question Answers are correct',2,5)
	INSERT INTO Ident.Activity (ActivityId,ActivityCode,Description,MaxActivityAttemptCount,ActivityTokenExpirationMinutes) VALUES(7,'LoginSuccess','Succesful log in activity',0,30)
	INSERT INTO Ident.Activity (ActivityId,ActivityCode,Description,MaxActivityAttemptCount,ActivityTokenExpirationMinutes) VALUES(8,'NewUserRegistration','New User Registration, Expires in 72 hrs',5,4320)
	INSERT INTO Ident.Activity (ActivityId,ActivityCode,Description,MaxActivityAttemptCount,ActivityTokenExpirationMinutes) VALUES(9,'NewUserRegistrationVerification','New User Registration Verification, Expires in 72 hrs',5,4320)
	INSERT INTO Ident.Activity (ActivityId,ActivityCode,Description,MaxActivityAttemptCount,ActivityTokenExpirationMinutes) VALUES(10,'UnlockUser','Unlock User',0,0)

	SET IDENTITY_INSERT Person.PersonaType ON
	INSERT INTO Person.PersonaType([PersonaTypeId],[Name])
	VALUES(1, 'Super User');
	INSERT INTO Person.PersonaType([PersonaTypeId],[Name])
	VALUES(2, 'Leasing Consultant');
	INSERT INTO Person.PersonaType([PersonaTypeId],[Name])
	VALUES(3, 'Primary');
	SET IDENTITY_INSERT Person.PersonaType OFF 

	--SET IDENTITY_INSERT Ident.SecurityQuestion ON
	INSERT INTO Ident.SecurityQuestion(SecurityQuestionId, Question, IsActive)
	VALUES(1, 'What was the name of the hospital where you were born?', 1)
	INSERT INTO Ident.SecurityQuestion(SecurityQuestionId, Question, IsActive)
	VALUES(2, 'What was the name of your elementary school?', 	1)
	INSERT INTO Ident.SecurityQuestion(SecurityQuestionId, Question, IsActive)
	VALUES(3, 'What is the name of your favorite childhood friend?', 1)
	INSERT INTO Ident.SecurityQuestion(SecurityQuestionId, Question, IsActive)
	VALUES(4, 'When you were young, what did you want to be when you grew up?', 1)
	INSERT INTO Ident.SecurityQuestion(SecurityQuestionId, Question, IsActive)
	VALUES(5, 'What is the first name of the first person you were romantically interested in?', 1)
	INSERT INTO Ident.SecurityQuestion(SecurityQuestionId, Question, IsActive)
	VALUES(6, 'What is the color of your first automobile?', 1)
	INSERT INTO Ident.SecurityQuestion(SecurityQuestionId, Question, IsActive)
	VALUES(7, 'In what town was your first job located?',1)
	INSERT INTO Ident.SecurityQuestion(SecurityQuestionId, Question, IsActive)
	VALUES(8, 'Who is your favorite actor, musician, or artist?', 1)
	INSERT INTO Ident.SecurityQuestion(SecurityQuestionId, Question, IsActive)
	VALUES(9, 'What is your favorite movie/play/song?', 1)
	INSERT INTO Ident.SecurityQuestion(SecurityQuestionId, Question, IsActive)
	VALUES(10, 'What is your favorite city/country to visit?', 1)
	INSERT INTO Ident.SecurityQuestion(SecurityQuestionId, Question, IsActive)
	VALUES(11,'Type a significant date in your life (MMDDYYYY)', 1)
	INSERT INTO Ident.SecurityQuestion(SecurityQuestionId, Question, IsActive)
	VALUES(12,' What were the last four digits of your childhood telephone number (could be used as PIN)?', 1)
	--SET IDENTITY_INSERT Ident.SecurityQuestion OFF

	SET IDENTITY_INSERT Ident.SamlAttributeType ON
	INSERT INTO Ident.SamlAttributeType(SamlAttributeTypeId, Name)
	VALUES(1, 'urn:oasis:names:tc:SAML:2.0:attrname-format:basic')
	INSERT INTO Ident.SamlAttributeType(SamlAttributeTypeId, Name)
	VALUES(2, 'urn:oasis:names:tc:SAML:2.0:attrname-format:dotnet')
	SET IDENTITY_INSERT Ident.SamlAttributeType OFF

	SET IDENTITY_INSERT Ident.SamlAttribute ON
	INSERT INTO Ident.SamlAttribute(SamlAttributeId, Name, SamlAttributeTypeId)
	VALUES(1, 'productUsername', 1)
	INSERT INTO Ident.SamlAttribute(SamlAttributeId, Name, SamlAttributeTypeId)
	VALUES(2, 'eidPersonLogin', 1)
	INSERT INTO Ident.SamlAttribute(SamlAttributeId, Name, SamlAttributeTypeId)
	VALUES(3, 'PMCID', 1)
	INSERT INTO Ident.SamlAttribute(SamlAttributeId, Name, SamlAttributeTypeId)
	VALUES(4, 'UserId', 1)
	INSERT INTO Ident.SamlAttribute(SamlAttributeId, Name, SamlAttributeTypeId)
	VALUES(5, 'RealPageIDProducts', 2)
	INSERT INTO Ident.SamlAttribute(SamlAttributeId, Name, SamlAttributeTypeId)
	VALUES(6, 'RealPageIDProductsRaw', 1)
	INSERT INTO Ident.SamlAttribute(SamlAttributeId, Name, SamlAttributeTypeId)
	VALUES(7, 'User.FirstName', 1)
	INSERT INTO Ident.SamlAttribute(SamlAttributeId, Name, SamlAttributeTypeId)
	VALUES(8, 'User.Username', 1)
	INSERT INTO Ident.SamlAttribute(SamlAttributeId, Name, SamlAttributeTypeId)
	VALUES(9, 'User.email', 1)
	INSERT INTO Ident.SamlAttribute(SamlAttributeId, Name, SamlAttributeTypeId)
	VALUES(10, 'portal_id', 1)
	INSERT INTO Ident.SamlAttribute(SamlAttributeId, Name, SamlAttributeTypeId)
	VALUES(11, 'organization_id', 1)
	INSERT INTO Ident.SamlAttribute(SamlAttributeId, Name, SamlAttributeTypeId)
	VALUES(12, 'EnterpriseLogin', 1)
	SET IDENTITY_INSERT Ident.SamlAttribute OFF

	SET IDENTITY_INSERT Ident.IdentityProviderType ON;
	INSERT INTO Ident.IdentityProviderType(IdentityProviderTypeId, Name, Description)
	VALUES(4, 'ID3', 'IdentityServer')
	INSERT INTO Ident.IdentityProviderType(IdentityProviderTypeId, Name, Description)
	VALUES(5, 'AzureActiveDirectory', 'Azure AD')
	INSERT INTO Ident.IdentityProviderType(IdentityProviderTypeId, Name, Description)
	VALUES(6, 'Okta', 'Okta Provider')
	INSERT INTO Ident.IdentityProviderType(IdentityProviderTypeId, Name, Description)
	VALUES(7, 'Google', 'Google')
	SET IDENTITY_INSERT Ident.IdentityProviderType OFF;

	SET IDENTITY_INSERT Ident.IdentityProviderSettingType ON;
	INSERT INTO Ident.IdentityProviderSettingType(IdentityProviderSettingTypeId, IdentityProviderTypeId, Name)
	VALUES(15, 5, 'AuthenticationType')
	INSERT INTO Ident.IdentityProviderSettingType(IdentityProviderSettingTypeId, IdentityProviderTypeId, Name)
	VALUES(16, 5, 'Caption')
	INSERT INTO Ident.IdentityProviderSettingType(IdentityProviderSettingTypeId, IdentityProviderTypeId, Name)
	VALUES(17, 5, 'ProviderClientId')
	INSERT INTO Ident.IdentityProviderSettingType(IdentityProviderSettingTypeId, IdentityProviderTypeId, Name)
	VALUES(18, 5, 'AuthorityUri')
	INSERT INTO Ident.IdentityProviderSettingType(IdentityProviderSettingTypeId, IdentityProviderTypeId, Name)
	VALUES(19, 5, 'PostLogoutRedirectUri')
	INSERT INTO Ident.IdentityProviderSettingType(IdentityProviderSettingTypeId, IdentityProviderTypeId, Name)
	VALUES(20, 5, 'RedirectUri')
	INSERT INTO Ident.IdentityProviderSettingType(IdentityProviderSettingTypeId, IdentityProviderTypeId, Name)
	VALUES(21, 5, 'AuthenticationMode')
	INSERT INTO Ident.IdentityProviderSettingType(IdentityProviderSettingTypeId, IdentityProviderTypeId, Name)
	VALUES(22, 5, 'ValidateIssuer')
	INSERT INTO Ident.IdentityProviderSettingType(IdentityProviderSettingTypeId, IdentityProviderTypeId, Name)
	VALUES(23, 5, 'TokenValidationAuthenticationType')
	INSERT INTO Ident.IdentityProviderSettingType(IdentityProviderSettingTypeId, IdentityProviderTypeId, Name)
	VALUES(24, 5, 'Scope')
	INSERT INTO Ident.IdentityProviderSettingType(IdentityProviderSettingTypeId, IdentityProviderTypeId, Name)
	VALUES(25, 6, 'AuthenticationType')
	INSERT INTO Ident.IdentityProviderSettingType(IdentityProviderSettingTypeId, IdentityProviderTypeId, Name)
	VALUES(26, 6, 'Caption')
	INSERT INTO Ident.IdentityProviderSettingType(IdentityProviderSettingTypeId, IdentityProviderTypeId, Name)
	VALUES(27, 6, 'AuthorityUri')
	INSERT INTO Ident.IdentityProviderSettingType(IdentityProviderSettingTypeId, IdentityProviderTypeId, Name)
	VALUES(28, 6, 'RedirectUri')
	INSERT INTO Ident.IdentityProviderSettingType(IdentityProviderSettingTypeId, IdentityProviderTypeId, Name)
	VALUES(29, 6, 'AuthenticationMode')
	INSERT INTO Ident.IdentityProviderSettingType(IdentityProviderSettingTypeId, IdentityProviderTypeId, Name)
	VALUES(30, 6, 'ValidateIssuer')
	INSERT INTO Ident.IdentityProviderSettingType(IdentityProviderSettingTypeId, IdentityProviderTypeId, Name)
	VALUES(31, 6, 'OktaEntityId')
	INSERT INTO Ident.IdentityProviderSettingType(IdentityProviderSettingTypeId, IdentityProviderTypeId, Name)
	VALUES(32, 6, 'OktaMetadataLocation')
	INSERT INTO Ident.IdentityProviderSettingType(IdentityProviderSettingTypeId, IdentityProviderTypeId, Name)
	VALUES(33, 4, 'AuthenticationType')
	INSERT INTO Ident.IdentityProviderSettingType(IdentityProviderSettingTypeId, IdentityProviderTypeId, Name)
	VALUES(34, 4, 'AuthenticationMode')
	INSERT INTO Ident.IdentityProviderSettingType(IdentityProviderSettingTypeId, IdentityProviderTypeId, Name)
	VALUES(35, 4, 'ValidateIssuer')
	INSERT INTO Ident.IdentityProviderSettingType(IdentityProviderSettingTypeId, IdentityProviderTypeId, Name)
	VALUES(36, 7, 'AuthenticationType')
	INSERT INTO Ident.IdentityProviderSettingType(IdentityProviderSettingTypeId, IdentityProviderTypeId, Name)
	VALUES(37, 7, 'Caption')
	INSERT INTO Ident.IdentityProviderSettingType(IdentityProviderSettingTypeId, IdentityProviderTypeId, Name)
	VALUES(38, 7, 'ProviderClientId')
	INSERT INTO Ident.IdentityProviderSettingType(IdentityProviderSettingTypeId, IdentityProviderTypeId, Name)
	VALUES(39, 7, 'AuthenticationMode')
	INSERT INTO Ident.IdentityProviderSettingType(IdentityProviderSettingTypeId, IdentityProviderTypeId, Name)
	VALUES(40, 7, 'ValidateIssuer')
	INSERT INTO Ident.IdentityProviderSettingType(IdentityProviderSettingTypeId, IdentityProviderTypeId, Name)
	VALUES(41, 7, 'ClientSecret')
	SET IDENTITY_INSERT Ident.IdentityProviderSettingType OFF;

	SET IDENTITY_INSERT Ident.IdentityProviderSetting ON;
	INSERT INTO Ident.IdentityProviderSetting(IdentityProviderSettingId, IdentityProviderSettingTypeId, Value)
	VALUES(1, 15, 'aad')
	INSERT INTO Ident.IdentityProviderSetting(IdentityProviderSettingId, IdentityProviderSettingTypeId, Value)
	VALUES(2, 25, 'oktacamden')
	INSERT INTO Ident.IdentityProviderSetting(IdentityProviderSettingId, IdentityProviderSettingTypeId, Value)
	VALUES(3, 33, 'local')
	INSERT INTO Ident.IdentityProviderSetting(IdentityProviderSettingId, IdentityProviderSettingTypeId, Value)
	VALUES(4, 25, 'okaamli')
	INSERT INTO Ident.IdentityProviderSetting(IdentityProviderSettingId, IdentityProviderSettingTypeId, Value)
	VALUES(5, 16, 'Sign in with Azure AD')
	INSERT INTO Ident.IdentityProviderSetting(IdentityProviderSettingId, IdentityProviderSettingTypeId, Value)
	VALUES(6, 26, 'Sign in with Okta')
	INSERT INTO Ident.IdentityProviderSetting(IdentityProviderSettingId, IdentityProviderSettingTypeId, Value)
	VALUES(7, 17, 'a22288a0-e033-4eb8-b89c-a8037bcde8dc')
	INSERT INTO Ident.IdentityProviderSetting(IdentityProviderSettingId, IdentityProviderSettingTypeId, Value)
	VALUES(8, 18, 'https://login.microsoftonline.com/common')
	INSERT INTO Ident.IdentityProviderSetting(IdentityProviderSettingId, IdentityProviderSettingTypeId, Value)
	VALUES(9, 27, 'https://identitydev.corp.realpage.com/identity/camden')
	INSERT INTO Ident.IdentityProviderSetting(IdentityProviderSettingId, IdentityProviderSettingTypeId, Value)
	VALUES(10, 27, 'https://identitydev.corp.realpage.com/identity/client1')
	INSERT INTO Ident.IdentityProviderSetting(IdentityProviderSettingId, IdentityProviderSettingTypeId, Value)
	VALUES(11, 19, 'https://logindev.corp.realpage.com/')
	INSERT INTO Ident.IdentityProviderSetting(IdentityProviderSettingId, IdentityProviderSettingTypeId, Value)
	VALUES(12, 20, 'https://identitydev.corp.realpage.com/identity/connect/authorize')
	INSERT INTO Ident.IdentityProviderSetting(IdentityProviderSettingId, IdentityProviderSettingTypeId, Value)
	VALUES(13, 28, 'https://landing.local/auth.aspx?idp=oktacamden')
	INSERT INTO Ident.IdentityProviderSetting(IdentityProviderSettingId, IdentityProviderSettingTypeId, Value)
	VALUES(14, 28, 'https://landing.local/auth.aspx?idp=oktaamli')
	INSERT INTO Ident.IdentityProviderSetting(IdentityProviderSettingId, IdentityProviderSettingTypeId, Value)
	VALUES(15, 21, '0')
	INSERT INTO Ident.IdentityProviderSetting(IdentityProviderSettingId, IdentityProviderSettingTypeId, Value)
	VALUES(16, 29, '0')
	INSERT INTO Ident.IdentityProviderSetting(IdentityProviderSettingId, IdentityProviderSettingTypeId, Value)
	VALUES(17, 29, '1')
	INSERT INTO Ident.IdentityProviderSetting(IdentityProviderSettingId, IdentityProviderSettingTypeId, Value)
	VALUES(18, 34,'0')
	INSERT INTO Ident.IdentityProviderSetting(IdentityProviderSettingId, IdentityProviderSettingTypeId, Value)
	VALUES(19, 22, '0')
	INSERT INTO Ident.IdentityProviderSetting(IdentityProviderSettingId, IdentityProviderSettingTypeId, Value)
	VALUES(20, 30, '1')
	INSERT INTO Ident.IdentityProviderSetting(IdentityProviderSettingId, IdentityProviderSettingTypeId, Value)
	VALUES(21, 30, '1')
	INSERT INTO Ident.IdentityProviderSetting(IdentityProviderSettingId, IdentityProviderSettingTypeId, Value)
	VALUES(22, 35, '1')
	INSERT INTO Ident.IdentityProviderSetting(IdentityProviderSettingId, IdentityProviderSettingTypeId, Value)
	VALUES(23, 23, 'idsrv.external')
	INSERT INTO Ident.IdentityProviderSetting(IdentityProviderSettingId, IdentityProviderSettingTypeId, Value)
	VALUES(24, 24, 'openid')
	INSERT INTO Ident.IdentityProviderSetting(IdentityProviderSettingId, IdentityProviderSettingTypeId, Value)
	VALUES(25, 31, 'exk8ypmtyrcEEXYKi0h7')
	INSERT INTO Ident.IdentityProviderSetting(IdentityProviderSettingId, IdentityProviderSettingTypeId, Value)
	VALUES(26, 31, 'exk8y9pu8jOUTyViW0h7')
	INSERT INTO Ident.IdentityProviderSetting(IdentityProviderSettingId, IdentityProviderSettingTypeId, Value)
	VALUES(27, 32, 'https://dev-489082.oktapreview.com/app/exk8ypmtyrcEEXYKi0h7/sso/saml/metadata')
	INSERT INTO Ident.IdentityProviderSetting(IdentityProviderSettingId, IdentityProviderSettingTypeId, Value)
	VALUES(28, 32, 'https://dev-489082.oktapreview.com/app/exk8y9pu8jOUTyViW0h7/sso/saml/metadata')
	INSERT INTO Ident.IdentityProviderSetting(IdentityProviderSettingId, IdentityProviderSettingTypeId, Value)
	VALUES(29, 36, 'Google')
	INSERT INTO Ident.IdentityProviderSetting(IdentityProviderSettingId, IdentityProviderSettingTypeId, Value)
	VALUES(30, 37, 'Sign-in with Google')
	INSERT INTO Ident.IdentityProviderSetting(IdentityProviderSettingId, IdentityProviderSettingTypeId, Value)
	VALUES(32, 39, '0')
	INSERT INTO Ident.IdentityProviderSetting(IdentityProviderSettingId, IdentityProviderSettingTypeId, Value)
	VALUES(33, 40, '1')
	INSERT INTO Ident.IdentityProviderSetting(IdentityProviderSettingId, IdentityProviderSettingTypeId, Value)
	VALUES(34, 41, 'n61OGT18YRIP8AcvrsclVJMq')
	SET IDENTITY_INSERT Ident.IdentityProviderSetting OFF;

	

	INSERT INTO Enterprise.RoleType (PartyRoleTypeId,ParentPartyRoleTypeId,Name) VALUES(100,NULL,'Party Role')
	INSERT INTO Enterprise.RoleType (PartyRoleTypeId,ParentPartyRoleTypeId,Name) VALUES(200,100,'Organization Role')
	INSERT INTO Enterprise.RoleType (PartyRoleTypeId,ParentPartyRoleTypeId,Name) VALUES(201,200,'Parent Corporation')
	INSERT INTO Enterprise.RoleType (PartyRoleTypeId,ParentPartyRoleTypeId,Name) VALUES(202,200,'Property Management Company')
	INSERT INTO Enterprise.RoleType (PartyRoleTypeId,ParentPartyRoleTypeId,Name) VALUES(203,200,'Employer')
	INSERT INTO Enterprise.RoleType (PartyRoleTypeId,ParentPartyRoleTypeId,Name) VALUES(204,200,'Site')
	INSERT INTO Enterprise.RoleType (PartyRoleTypeId,ParentPartyRoleTypeId,Name) VALUES(205,200,'User Type')
	INSERT INTO Enterprise.RoleType (PartyRoleTypeId,ParentPartyRoleTypeId,Name) VALUES(300,100,'Person Role')
	INSERT INTO Enterprise.RoleType (PartyRoleTypeId,ParentPartyRoleTypeId,Name) VALUES(301,300,'Accounts Payable')
	INSERT INTO Enterprise.RoleType (PartyRoleTypeId,ParentPartyRoleTypeId,Name) VALUES(302,300,'Accounts Receivable')
	INSERT INTO Enterprise.RoleType (PartyRoleTypeId,ParentPartyRoleTypeId,Name) VALUES(303,300,'Administrative Assistant')
	INSERT INTO Enterprise.RoleType (PartyRoleTypeId,ParentPartyRoleTypeId,Name) VALUES(304,300,'Analyst')
	INSERT INTO Enterprise.RoleType (PartyRoleTypeId,ParentPartyRoleTypeId,Name) VALUES(305,300,'Asset Manager')
	INSERT INTO Enterprise.RoleType (PartyRoleTypeId,ParentPartyRoleTypeId,Name) VALUES(306,300,'Assistant Property Manager')
	INSERT INTO Enterprise.RoleType (PartyRoleTypeId,ParentPartyRoleTypeId,Name) VALUES(307,300,'Bookkeeper')
	INSERT INTO Enterprise.RoleType (PartyRoleTypeId,ParentPartyRoleTypeId,Name) VALUES(308,300,'Chairman')
	INSERT INTO Enterprise.RoleType (PartyRoleTypeId,ParentPartyRoleTypeId,Name) VALUES(309,300,'Chief Accounting Officer')
	INSERT INTO Enterprise.RoleType (PartyRoleTypeId,ParentPartyRoleTypeId,Name) VALUES(310,300,'Chief Administrative Officer')
	INSERT INTO Enterprise.RoleType (PartyRoleTypeId,ParentPartyRoleTypeId,Name) VALUES(311,300,'Chief Compliance Officer')
	INSERT INTO Enterprise.RoleType (PartyRoleTypeId,ParentPartyRoleTypeId,Name) VALUES(312,300,'Chief Executive Officer')
	INSERT INTO Enterprise.RoleType (PartyRoleTypeId,ParentPartyRoleTypeId,Name) VALUES(313,300,'Chief Financial Officer')
	INSERT INTO Enterprise.RoleType (PartyRoleTypeId,ParentPartyRoleTypeId,Name) VALUES(314,300,'Chief Information Officer')
	INSERT INTO Enterprise.RoleType (PartyRoleTypeId,ParentPartyRoleTypeId,Name) VALUES(315,300,'Chief Investment Officer')
	INSERT INTO Enterprise.RoleType (PartyRoleTypeId,ParentPartyRoleTypeId,Name) VALUES(316,300,'Chief Marketing Officer')
	INSERT INTO Enterprise.RoleType (PartyRoleTypeId,ParentPartyRoleTypeId,Name) VALUES(317,300,'Chief Operating Officer')
	INSERT INTO Enterprise.RoleType (PartyRoleTypeId,ParentPartyRoleTypeId,Name) VALUES(318,300,'Chief Procurement Officer')
	INSERT INTO Enterprise.RoleType (PartyRoleTypeId,ParentPartyRoleTypeId,Name) VALUES(319,300,'Chief Sales Officer')
	INSERT INTO Enterprise.RoleType (PartyRoleTypeId,ParentPartyRoleTypeId,Name) VALUES(320,300,'Chief Security Officer')
	INSERT INTO Enterprise.RoleType (PartyRoleTypeId,ParentPartyRoleTypeId,Name) VALUES(321,300,'Chief Technology Officer')
	INSERT INTO Enterprise.RoleType (PartyRoleTypeId,ParentPartyRoleTypeId,Name) VALUES(322,300,'Consultant')
	INSERT INTO Enterprise.RoleType (PartyRoleTypeId,ParentPartyRoleTypeId,Name) VALUES(323,300,'Controller')
	INSERT INTO Enterprise.RoleType (PartyRoleTypeId,ParentPartyRoleTypeId,Name) VALUES(324,300,'Coordinator')
	INSERT INTO Enterprise.RoleType (PartyRoleTypeId,ParentPartyRoleTypeId,Name) VALUES(325,300,'Director')
	INSERT INTO Enterprise.RoleType (PartyRoleTypeId,ParentPartyRoleTypeId,Name) VALUES(326,300,'Executive Assistant')
	INSERT INTO Enterprise.RoleType (PartyRoleTypeId,ParentPartyRoleTypeId,Name) VALUES(327,300,'Housing/HUD Compliance')
	INSERT INTO Enterprise.RoleType (PartyRoleTypeId,ParentPartyRoleTypeId,Name) VALUES(328,300,'Leasing Agent')
	INSERT INTO Enterprise.RoleType (PartyRoleTypeId,ParentPartyRoleTypeId,Name) VALUES(329,300,'Legal Counsel')
	INSERT INTO Enterprise.RoleType (PartyRoleTypeId,ParentPartyRoleTypeId,Name) VALUES(330,300,'Manager - Corporate')
	INSERT INTO Enterprise.RoleType (PartyRoleTypeId,ParentPartyRoleTypeId,Name) VALUES(331,300,'Manager - Property')
	INSERT INTO Enterprise.RoleType (PartyRoleTypeId,ParentPartyRoleTypeId,Name) VALUES(332,300,'Nurse')
	INSERT INTO Enterprise.RoleType (PartyRoleTypeId,ParentPartyRoleTypeId,Name) VALUES(333,300,'Office Manager')
	INSERT INTO Enterprise.RoleType (PartyRoleTypeId,ParentPartyRoleTypeId,Name) VALUES(334,300,'Owner')
	INSERT INTO Enterprise.RoleType (PartyRoleTypeId,ParentPartyRoleTypeId,Name) VALUES(335,300,'President')
	INSERT INTO Enterprise.RoleType (PartyRoleTypeId,ParentPartyRoleTypeId,Name) VALUES(336,300,'Property Accountant')
	INSERT INTO Enterprise.RoleType (PartyRoleTypeId,ParentPartyRoleTypeId,Name) VALUES(337,300,'Property Administrator')
	INSERT INTO Enterprise.RoleType (PartyRoleTypeId,ParentPartyRoleTypeId,Name) VALUES(338,300,'Property Clinical Staff')
	INSERT INTO Enterprise.RoleType (PartyRoleTypeId,ParentPartyRoleTypeId,Name) VALUES(339,300,'Property Maintenance')
	INSERT INTO Enterprise.RoleType (PartyRoleTypeId,ParentPartyRoleTypeId,Name) VALUES(340,300,'Treasurer')
	INSERT INTO Enterprise.RoleType (PartyRoleTypeId,ParentPartyRoleTypeId,Name) VALUES(341,300,'Vice President')
	INSERT INTO Enterprise.RoleType (PartyRoleTypeId,ParentPartyRoleTypeId,Name) VALUES(400,100,'User Role')
	INSERT INTO Enterprise.RoleType (PartyRoleTypeId,ParentPartyRoleTypeId,Name) VALUES(401,400,'User')
	INSERT INTO Enterprise.RoleType (PartyRoleTypeId,ParentPartyRoleTypeId,Name) VALUES(402,400,'SuperUser')
	INSERT INTO Enterprise.RoleType (PartyRoleTypeId,ParentPartyRoleTypeId,Name) VALUES(403,400,'RealPage Employee')
	INSERT INTO Enterprise.RoleType (PartyRoleTypeId,ParentPartyRoleTypeId,Name) VALUES(404,400,'User (No Email)')
	INSERT INTO Enterprise.RoleType (PartyRoleTypeId,ParentPartyRoleTypeId,Name) VALUES(500,NULL,'Product Role')
	INSERT INTO Enterprise.RoleType (PartyRoleTypeId,ParentPartyRoleTypeId,Name) VALUES(501,500,'Licensed')

	SET IDENTITY_INSERT Enterprise.PartyRole ON
	INSERT INTO Enterprise.PartyRole (PartyRoleId,PartyId,RoleTypeId) VALUES(7,33,309)
	INSERT INTO Enterprise.PartyRole (PartyRoleId,PartyId,RoleTypeId) VALUES(2003,33,402)
	INSERT INTO Enterprise.PartyRole (PartyRoleId,PartyId,RoleTypeId) VALUES(10,36,402)
	SET IDENTITY_INSERT Enterprise.PartyRole OFF

	--SET IDENTITY_INSERT Enterprise.StatusTypeCategoryType ON
	--INSERT INTO Enterprise.StatusTypeCategoryType (StatusTypeCategoryTypeId,ParentStatusTypeCategoryTypeId,Name) VALUES(1,NULL,'Transaction Status')
	--INSERT INTO Enterprise.StatusTypeCategoryType (StatusTypeCategoryTypeId,ParentStatusTypeCategoryTypeId,Name) VALUES(2,1,'User Transaction Status')
	--INSERT INTO Enterprise.StatusTypeCategoryType (StatusTypeCategoryTypeId,ParentStatusTypeCategoryTypeId,Name) VALUES(3,NULL,'Product Status')
	--INSERT INTO Enterprise.StatusTypeCategoryType (StatusTypeCategoryTypeId,ParentStatusTypeCategoryTypeId,Name) VALUES(4,NULL,'Product Status')
	--SET IDENTITY_INSERT Enterprise.StatusTypeCategoryType OFF

	SET IDENTITY_INSERT Enterprise.GeographicBoundaryType ON
	INSERT INTO Enterprise.GeographicBoundaryType (GeographicBoundaryTypeId,Name) VALUES(1,'City')
	INSERT INTO Enterprise.GeographicBoundaryType (GeographicBoundaryTypeId,Name) VALUES(2,'Continent')
	INSERT INTO Enterprise.GeographicBoundaryType (GeographicBoundaryTypeId,Name) VALUES(3,'Country')
	INSERT INTO Enterprise.GeographicBoundaryType (GeographicBoundaryTypeId,Name) VALUES(4,'County')
	INSERT INTO Enterprise.GeographicBoundaryType (GeographicBoundaryTypeId,Name) VALUES(5,'Postal Code')
	INSERT INTO Enterprise.GeographicBoundaryType (GeographicBoundaryTypeId,Name) VALUES(6,'Prefecture')
	INSERT INTO Enterprise.GeographicBoundaryType (GeographicBoundaryTypeId,Name) VALUES(7,'Province')
	INSERT INTO Enterprise.GeographicBoundaryType (GeographicBoundaryTypeId,Name) VALUES(8,'Region')
	INSERT INTO Enterprise.GeographicBoundaryType (GeographicBoundaryTypeId,Name) VALUES(9,'State')
	INSERT INTO Enterprise.GeographicBoundaryType (GeographicBoundaryTypeId,Name) VALUES(10,'Subdivision')
	INSERT INTO Enterprise.GeographicBoundaryType (GeographicBoundaryTypeId,Name) VALUES(11,'Territory')
	INSERT INTO Enterprise.GeographicBoundaryType (GeographicBoundaryTypeId,Name) VALUES(12,'Parish')
	SET IDENTITY_INSERT Enterprise.GeographicBoundaryType OFF

	SET IDENTITY_INSERT Enterprise.GeographicBoundary ON
	INSERT INTO Enterprise.GeographicBoundary (GeographicBoundaryId,GeographicBoundaryTypeId,Name,GeographicBoundaryCode,Abbreviation) VALUES(1,1,'Prosper',NULL,NULL)
	INSERT INTO Enterprise.GeographicBoundary (GeographicBoundaryId,GeographicBoundaryTypeId,Name,GeographicBoundaryCode,Abbreviation) VALUES(2,9,'Texas',NULL,'TX')
	INSERT INTO Enterprise.GeographicBoundary (GeographicBoundaryId,GeographicBoundaryTypeId,Name,GeographicBoundaryCode,Abbreviation) VALUES(3,5,'75078',NULL,NULL)
	INSERT INTO Enterprise.GeographicBoundary (GeographicBoundaryId,GeographicBoundaryTypeId,Name,GeographicBoundaryCode,Abbreviation) VALUES(4,3,'United States',NULL,'USA')
	INSERT INTO Enterprise.GeographicBoundary (GeographicBoundaryId,GeographicBoundaryTypeId,Name,GeographicBoundaryCode,Abbreviation) VALUES(5,4,'Collin',NULL,NULL)
	INSERT INTO Enterprise.GeographicBoundary (GeographicBoundaryId,GeographicBoundaryTypeId,Name,GeographicBoundaryCode,Abbreviation) VALUES(6,10,'Greenspoint',NULL,NULL)
	INSERT INTO Enterprise.GeographicBoundary (GeographicBoundaryId,GeographicBoundaryTypeId,Name,GeographicBoundaryCode,Abbreviation) VALUES(7,1,'Richardson',NULL,NULL)
	INSERT INTO Enterprise.GeographicBoundary (GeographicBoundaryId,GeographicBoundaryTypeId,Name,GeographicBoundaryCode,Abbreviation) VALUES(8,5,'75082',NULL,NULL)
	INSERT INTO Enterprise.GeographicBoundary (GeographicBoundaryId,GeographicBoundaryTypeId,Name,GeographicBoundaryCode,Abbreviation) VALUES(9,4,'Dallas',NULL,NULL)
	SET IDENTITY_INSERT Enterprise.GeographicBoundary OFF

	SET IDENTITY_INSERT Enterprise.[Configuration] ON
	INSERT INTO Enterprise.[Configuration] (ConfigurationId,CreateDate) VALUES(1, 'May 23 2017  9:45AM')
	INSERT INTO Enterprise.[Configuration] (ConfigurationId,CreateDate) VALUES(10, 'May 25 2017 12:00AM')
	INSERT INTO Enterprise.[Configuration] (ConfigurationId,CreateDate) VALUES(102, 'Jun 27 2017  6:19PM')
	INSERT INTO Enterprise.[Configuration] (ConfigurationId,CreateDate) VALUES(103, 'Jun 27 2017  6:19PM')
	INSERT INTO Enterprise.[Configuration] (ConfigurationId,CreateDate) VALUES(104, 'Jun 27 2017  6:19PM')
	INSERT INTO Enterprise.[Configuration] (ConfigurationId,CreateDate) VALUES(105, 'Jun 27 2017  6:19PM')
	INSERT INTO Enterprise.[Configuration] (ConfigurationId,CreateDate) VALUES(106, 'Jun 27 2017  6:19PM')
	INSERT INTO Enterprise.[Configuration] (ConfigurationId,CreateDate) VALUES(107, 'Jun 27 2017  6:19PM')
	INSERT INTO Enterprise.[Configuration] (ConfigurationId,CreateDate) VALUES(110, 'Jun 29 2017  3:28PM')
	INSERT INTO Enterprise.[Configuration] (ConfigurationId,CreateDate) VALUES(12, 'May 24 2017  9:13PM')
	INSERT INTO Enterprise.[Configuration] (ConfigurationId,CreateDate) VALUES(123, 'Jul  6 2017  1:51AM')
	INSERT INTO Enterprise.[Configuration] (ConfigurationId,CreateDate) VALUES(13, 'May 24 2017  9:14PM')
	INSERT INTO Enterprise.[Configuration] (ConfigurationId,CreateDate) VALUES(14, 'May 24 2017  9:14PM')
	INSERT INTO Enterprise.[Configuration] (ConfigurationId,CreateDate) VALUES(15, 'May 24 2017  9:14PM')
	INSERT INTO Enterprise.[Configuration] (ConfigurationId,CreateDate) VALUES(16, 'May 24 2017  9:14PM')
	INSERT INTO Enterprise.[Configuration] (ConfigurationId,CreateDate) VALUES(17, 'May 24 2017  9:14PM')
	INSERT INTO Enterprise.[Configuration] (ConfigurationId,CreateDate) VALUES(18, 'May 24 2017  9:14PM')
	INSERT INTO Enterprise.[Configuration] (ConfigurationId,CreateDate) VALUES(19, 'Jun  1 2017 12:00AM')
	INSERT INTO Enterprise.[Configuration] (ConfigurationId,CreateDate) VALUES(2, 'May 23 2017 12:00AM')
	INSERT INTO Enterprise.[Configuration] (ConfigurationId,CreateDate) VALUES(20, 'Jun  1 2017 12:00AM')
	INSERT INTO Enterprise.[Configuration] (ConfigurationId,CreateDate) VALUES(21, 'Jun 12 2017 10:34AM')
	INSERT INTO Enterprise.[Configuration] (ConfigurationId,CreateDate) VALUES(3, 'May 22 2017 12:00AM')
	INSERT INTO Enterprise.[Configuration] (ConfigurationId,CreateDate) VALUES(32, 'Jun 12 2017 11:36AM')
	INSERT INTO Enterprise.[Configuration] (ConfigurationId,CreateDate) VALUES(38, 'Jun 15 2017 12:00AM')
	INSERT INTO Enterprise.[Configuration] (ConfigurationId,CreateDate) VALUES(39, 'Jun 15 2017 12:00AM')
	INSERT INTO Enterprise.[Configuration] (ConfigurationId,CreateDate) VALUES(4, 'May 23 2017 12:00AM')
	INSERT INTO Enterprise.[Configuration] (ConfigurationId,CreateDate) VALUES(40, 'Jun 15 2017 12:00AM')
	INSERT INTO Enterprise.[Configuration] (ConfigurationId,CreateDate) VALUES(41, 'Jun 15 2017 12:00AM')
	INSERT INTO Enterprise.[Configuration] (ConfigurationId,CreateDate) VALUES(42, 'Jun 15 2017 12:00AM')
	INSERT INTO Enterprise.[Configuration] (ConfigurationId,CreateDate) VALUES(43, 'Jun 15 2017 12:00AM')
	INSERT INTO Enterprise.[Configuration] (ConfigurationId,CreateDate) VALUES(44, 'Jun 15 2017 12:00AM')
	INSERT INTO Enterprise.[Configuration] (ConfigurationId,CreateDate) VALUES(45, 'Jun 15 2017 12:00AM')
	INSERT INTO Enterprise.[Configuration] (ConfigurationId,CreateDate) VALUES(46, 'Jun 15 2017 12:00AM')
	INSERT INTO Enterprise.[Configuration] (ConfigurationId,CreateDate) VALUES(48, 'Jun 15 2017 12:00AM')
	INSERT INTO Enterprise.[Configuration] (ConfigurationId,CreateDate) VALUES(49, 'Jun 15 2017 12:00AM')
	INSERT INTO Enterprise.[Configuration] (ConfigurationId,CreateDate) VALUES(5, 'May 23 2017 12:00AM')
	INSERT INTO Enterprise.[Configuration] (ConfigurationId,CreateDate) VALUES(6, 'May 25 2017 12:00AM')
	INSERT INTO Enterprise.[Configuration] (ConfigurationId,CreateDate) VALUES(66, 'Jun 23 2017  7:12PM')
	INSERT INTO Enterprise.[Configuration] (ConfigurationId,CreateDate) VALUES(7, 'May 25 2017 12:00AM')
	INSERT INTO Enterprise.[Configuration] (ConfigurationId,CreateDate) VALUES(78, 'Jun 23 2017  7:44PM')
	INSERT INTO Enterprise.[Configuration] (ConfigurationId,CreateDate) VALUES(79, 'Jun 23 2017  7:46PM')
	INSERT INTO Enterprise.[Configuration] (ConfigurationId,CreateDate) VALUES(8, 'May 25 2017 12:00AM')
	INSERT INTO Enterprise.[Configuration] (ConfigurationId,CreateDate) VALUES(80, 'Jun 23 2017  7:47PM')
	INSERT INTO Enterprise.[Configuration] (ConfigurationId,CreateDate) VALUES(81, 'Jun 23 2017  8:06PM')
	INSERT INTO Enterprise.[Configuration] (ConfigurationId,CreateDate) VALUES(82, 'Jun 23 2017  8:11PM')
	INSERT INTO Enterprise.[Configuration] (ConfigurationId,CreateDate) VALUES(83, 'Jun 23 2017  8:12PM')
	INSERT INTO Enterprise.[Configuration] (ConfigurationId,CreateDate) VALUES(84, 'Jun 23 2017  8:12PM')
	INSERT INTO Enterprise.[Configuration] (ConfigurationId,CreateDate) VALUES(86, 'Jun 23 2017  8:27PM')
	INSERT INTO Enterprise.[Configuration] (ConfigurationId,CreateDate) VALUES(88, 'Jun 23 2017  8:39PM')
	INSERT INTO Enterprise.[Configuration] (ConfigurationId,CreateDate) VALUES(89, 'Jun 23 2017  8:42PM')
	INSERT INTO Enterprise.[Configuration] (ConfigurationId,CreateDate) VALUES(9, 'May 25 2017 12:00AM')
	INSERT INTO Enterprise.[Configuration] (ConfigurationId,CreateDate) VALUES(90, 'Jun 23 2017  8:43PM')
	INSERT INTO Enterprise.[Configuration] (ConfigurationId,CreateDate) VALUES(91, 'Jun 23 2017  8:44PM')
	INSERT INTO Enterprise.[Configuration] (ConfigurationId,CreateDate) VALUES(92, 'Jun 23 2017  8:46PM')
	INSERT INTO Enterprise.[Configuration] (ConfigurationId,CreateDate) VALUES(93, 'Jun 23 2017  8:48PM')
	INSERT INTO Enterprise.[Configuration] (ConfigurationId,CreateDate) VALUES(94, 'Jun 23 2017  8:49PM')
	INSERT INTO Enterprise.[Configuration] (ConfigurationId,CreateDate) VALUES(95, 'Jun 23 2017  8:50PM')
	INSERT INTO Enterprise.[Configuration] (ConfigurationId,CreateDate) VALUES(96, 'Jun 23 2017  8:51PM')
	INSERT INTO Enterprise.[Configuration] (ConfigurationId,CreateDate) VALUES(97, 'Jun 23 2017  8:52PM')
	INSERT INTO Enterprise.[Configuration] (ConfigurationId,CreateDate) VALUES(98, 'Jun 23 2017  8:53PM')
	INSERT INTO Enterprise.[Configuration] (ConfigurationId,CreateDate) VALUES(99, 'Jun 23 2017  8:54PM')
	INSERT INTO Enterprise.[Configuration] (ConfigurationId,CreateDate) VALUES(111, 'Jun 23 2017  8:54PM')
	INSERT INTO Enterprise.[Configuration] (ConfigurationId,CreateDate) VALUES(100, 'Jun 23 2017  8:54PM')
	SET IDENTITY_INSERT Enterprise.[Configuration] OFF

	INSERT INTO Enterprise.ContactMechanismUsageType (ContactMechanismUsageTypeID,ParentContactMechanismUsageTypeID,Name) VALUES(100,NULL,'Contact Mechanism Type')
	INSERT INTO Enterprise.ContactMechanismUsageType (ContactMechanismUsageTypeID,ParentContactMechanismUsageTypeID,Name) VALUES(101,100,'Primary')
	INSERT INTO Enterprise.ContactMechanismUsageType (ContactMechanismUsageTypeID,ParentContactMechanismUsageTypeID,Name) VALUES(102,100,'Secondary')
	INSERT INTO Enterprise.ContactMechanismUsageType (ContactMechanismUsageTypeID,ParentContactMechanismUsageTypeID,Name) VALUES(200,NULL,'Phone Type')
	INSERT INTO Enterprise.ContactMechanismUsageType (ContactMechanismUsageTypeID,ParentContactMechanismUsageTypeID,Name) VALUES(201,200,'Home')
	INSERT INTO Enterprise.ContactMechanismUsageType (ContactMechanismUsageTypeID,ParentContactMechanismUsageTypeID,Name) VALUES(202,200,'Mobile')
	INSERT INTO Enterprise.ContactMechanismUsageType (ContactMechanismUsageTypeID,ParentContactMechanismUsageTypeID,Name) VALUES(203,200,'Work')
	INSERT INTO Enterprise.ContactMechanismUsageType (ContactMechanismUsageTypeID,ParentContactMechanismUsageTypeID,Name) VALUES(300,NULL,'Email Notification')
	INSERT INTO Enterprise.ContactMechanismUsageType (ContactMechanismUsageTypeID,ParentContactMechanismUsageTypeID,Name) VALUES(301,300,'Email')


	INSERT INTO Enterprise.Organization (PartyId,Name) VALUES(3, 'RealPage')
	INSERT INTO Enterprise.Organization (PartyId,Name) VALUES(4, 'CAMDEN DEVELOPMENT, INC.')
	INSERT INTO Enterprise.Organization (PartyId,Name) VALUES(5, 'AMLI')
	INSERT INTO Enterprise.Organization (PartyId,Name) VALUES(6, 'GREYSTAR MANAGEMENT SERVICES LP')
	INSERT INTO Enterprise.Organization (PartyId,Name) VALUES(11, 'test')
	INSERT INTO Enterprise.Organization (PartyId,Name) VALUES(16, 'CRC Asset Management Services LLC')
	INSERT INTO Enterprise.Organization (PartyId,Name) VALUES(17, 'ClearView Properties')
	INSERT INTO Enterprise.Organization (PartyId,Name) VALUES(18, 'Interactive Living')
	INSERT INTO Enterprise.Organization (PartyId,Name) VALUES(20, 'test company')
	INSERT INTO Enterprise.Organization (PartyId,Name) VALUES(42, 'GoogProperties')
	INSERT INTO Enterprise.Organization (PartyId,Name) VALUES(347, 'Some company 2')
	INSERT INTO Enterprise.Organization (PartyId,Name) VALUES(348, 'Prime Group')
	INSERT INTO Enterprise.Organization (PartyId,Name) VALUES(349, 'Aimco')
	INSERT INTO Enterprise.Organization (PartyId,Name) VALUES(350, 'CF REAL ESTATE SERVICES')
	INSERT INTO Enterprise.Organization (PartyId,Name) VALUES(351, 'CAF CAPITAL PARTNERS, LLC')
	INSERT INTO Enterprise.Organization (PartyId,Name) VALUES(352, 'SME MULTIFAMILY DBA IMPLICITY MANAGEMENT COMPANY')
	INSERT INTO Enterprise.Organization (PartyId,Name) VALUES(353, 'LPC RESIDENT SERVICES LLC')
	INSERT INTO Enterprise.Organization (PartyId,Name) VALUES(354, 'THE LYND COMPANY')
	INSERT INTO Enterprise.Organization (PartyId,Name) VALUES(355, 'CORTLAND PARTNERS')


	SET IDENTITY_INSERT Enterprise.ProductSettingType ON
	INSERT INTO Enterprise.ProductSettingType (ProductSettingTypeId,Name,Description) VALUES(1,'ClientId',NULL)
	INSERT INTO Enterprise.ProductSettingType (ProductSettingTypeId,Name,Description) VALUES(2,'ClassName',NULL)
	INSERT INTO Enterprise.ProductSettingType (ProductSettingTypeId,Name,Description) VALUES(3,'SettingsUrl',NULL)
	INSERT INTO Enterprise.ProductSettingType (ProductSettingTypeId,Name,Description) VALUES(4,'ProductUrl',NULL)
	INSERT INTO Enterprise.ProductSettingType (ProductSettingTypeId,Name,Description) VALUES(5,'TitleId',NULL)
	INSERT INTO Enterprise.ProductSettingType (ProductSettingTypeId,Name,Description) VALUES(6,'TitleUniqueId',NULL)
	INSERT INTO Enterprise.ProductSettingType (ProductSettingTypeId,Name,Description) VALUES(7,'IsNewTab',NULL)
	INSERT INTO Enterprise.ProductSettingType (ProductSettingTypeId,Name,Description) VALUES(8,'MetatagUniqueId',NULL)
	INSERT INTO Enterprise.ProductSettingType (ProductSettingTypeId,Name,Description) VALUES(1001,'IsResource',NULL)
	INSERT INTO Enterprise.ProductSettingType (ProductSettingTypeId,Name,Description) VALUES(1002,'IsFavorite',NULL)
	INSERT INTO Enterprise.ProductSettingType (ProductSettingTypeId,Name,Description) VALUES(1003,'Subsolution',NULL)
	INSERT INTO Enterprise.ProductSettingType (ProductSettingTypeId,Name,Description) VALUES(1004,'LearnMore',NULL)
	INSERT INTO Enterprise.ProductSettingType (ProductSettingTypeId,Name,Description) VALUES(1005,'ApiEndPoint',NULL)
	INSERT INTO Enterprise.ProductSettingType (ProductSettingTypeId,Name,Description) VALUES(1009,'SubDescription',NULL)
	INSERT INTO Enterprise.ProductSettingType (ProductSettingTypeId,Name,Description) VALUES(1010,'ApiUserName',NULL)
	INSERT INTO Enterprise.ProductSettingType (ProductSettingTypeId,Name,Description) VALUES(1011,'ApiPassword',NULL)
	INSERT INTO Enterprise.ProductSettingType (ProductSettingTypeId,Name,Description) VALUES(1012,'SAMLRecipient',NULL)
	INSERT INTO Enterprise.ProductSettingType (ProductSettingTypeId,Name,Description) VALUES(1013,'ApiCode','The API code provided by the Realpage Product Learning Portal for your account')
	INSERT INTO Enterprise.ProductSettingType (ProductSettingTypeId,Name,Description) VALUES(1014,'ApiKey','The API key provided for your account')
	INSERT INTO Enterprise.ProductSettingType (ProductSettingTypeId,Name,Description) VALUES(1015,'Task','The action that you want to perform')
	INSERT INTO Enterprise.ProductSettingType (ProductSettingTypeId,Name,Description) VALUES(1016,'BlueBookApiEndPoint',NULL)
	INSERT INTO Enterprise.ProductSettingType (ProductSettingTypeId,Name,Description) VALUES(1017,'IntactUser','The login name to use to interact with Intact')
	INSERT INTO Enterprise.ProductSettingType (ProductSettingTypeId,Name,Description) VALUES(1018,'IntactPassword','The password to use for the Intact user')
	INSERT INTO Enterprise.ProductSettingType (ProductSettingTypeId,Name,Description) VALUES(1019,'ProductStatus','Show if the external application was configured for the dashboard user.')
	INSERT INTO Enterprise.ProductSettingType (ProductSettingTypeId,Name,Description) VALUES(1020,'AllProperties','Used to identify if a user has been assigned all properties for a product')
	SET IDENTITY_INSERT Enterprise.ProductSettingType OFF


	INSERT INTO Enterprise.ProductType (ProductTypeId,ParentProductTypeId,Name,Description,ProductTypeGuid) VALUES(100,NULL,'Property Management','Property Management','82F7C646-599D-4AA5-A4D1-D951CCE21280')
	INSERT INTO Enterprise.ProductType (ProductTypeId,ParentProductTypeId,Name,Description,ProductTypeGuid) VALUES(101,100,'Property Management','Property Management','EAF32452-2EE7-4B64-AC3F-44671BFD073C')
	INSERT INTO Enterprise.ProductType (ProductTypeId,ParentProductTypeId,Name,Description,ProductTypeGuid) VALUES(102,100,'Accounting','Accounting (Property, Corporate, Job Cost)','D2DF04E5-C635-4F9E-90A5-2B3157795F2D')
	INSERT INTO Enterprise.ProductType (ProductTypeId,ParentProductTypeId,Name,Description,ProductTypeGuid) VALUES(103,100,'Facilities Management','Facilities Management','563100E5-9C0D-4BF7-916A-2F6B2CE425B0')
	INSERT INTO Enterprise.ProductType (ProductTypeId,ParentProductTypeId,Name,Description,ProductTypeGuid) VALUES(104,100,'Spend Management','Spend Management','DD8DE010-D1AC-4969-B3AF-61B73E66C662')
	INSERT INTO Enterprise.ProductType (ProductTypeId,ParentProductTypeId,Name,Description,ProductTypeGuid) VALUES(105,100,'Vendor Services','Vendor Services','C3242F55-41DA-484B-A1FB-06016B5412CA')
	INSERT INTO Enterprise.ProductType (ProductTypeId,ParentProductTypeId,Name,Description,ProductTypeGuid) VALUES(106,100,'Accounting and Technology Services','Accounting and Technology Services','7FE28F2D-0E42-40D8-8405-4DB3F213095F')
	INSERT INTO Enterprise.ProductType (ProductTypeId,ParentProductTypeId,Name,Description,ProductTypeGuid) VALUES(200,NULL,'Resident Services','Resident Services','C9D127AA-E694-4394-8D6D-AADB2A37B50B')
	INSERT INTO Enterprise.ProductType (ProductTypeId,ParentProductTypeId,Name,Description,ProductTypeGuid) VALUES(201,200,'Resident Portals','Resident Portal','E69CAA60-65A7-4147-9154-49CDE5BB3741')
	INSERT INTO Enterprise.ProductType (ProductTypeId,ParentProductTypeId,Name,Description,ProductTypeGuid) VALUES(202,200,'Resident Contact Center','Resident Contact Center','EC844181-297B-413A-B4F5-F3BE5AA16E7E')
	INSERT INTO Enterprise.ProductType (ProductTypeId,ParentProductTypeId,Name,Description,ProductTypeGuid) VALUES(203,200,'Resident Payments','Resident Payments','E4B30A59-4694-4802-BA90-C98220075241')
	INSERT INTO Enterprise.ProductType (ProductTypeId,ParentProductTypeId,Name,Description,ProductTypeGuid) VALUES(204,200,'Renters Insurance','Solution for Renters Insurance','780CC311-52C3-493D-9E66-F9FB24E99C89')
	INSERT INTO Enterprise.ProductType (ProductTypeId,ParentProductTypeId,Name,Description,ProductTypeGuid) VALUES(205,200,'Resident and Utility Billing','Solution for Resident & Utility Billing','CCDCE20E-E2E4-48DD-9DD0-C546418B0BC5')
	INSERT INTO Enterprise.ProductType (ProductTypeId,ParentProductTypeId,Name,Description,ProductTypeGuid) VALUES(300,NULL,'Lease Management','Lease Management','D174779E-9DD6-4D7D-A57F-21B3FAEF611F')
	INSERT INTO Enterprise.ProductType (ProductTypeId,ParentProductTypeId,Name,Description,ProductTypeGuid) VALUES(301,300,'Screening','Screening','E2CAB2C4-6083-4E80-B741-678568456D14')
	INSERT INTO Enterprise.ProductType (ProductTypeId,ParentProductTypeId,Name,Description,ProductTypeGuid) VALUES(302,300,'Contact Center','Contact Center','C5C07C6C-6218-4E7F-BE28-E719A2073071')
	INSERT INTO Enterprise.ProductType (ProductTypeId,ParentProductTypeId,Name,Description,ProductTypeGuid) VALUES(303,300,'Websites and Syndication','Websites and Syndication','C3F85E91-0AEF-471B-8B85-5E5073D56049')
	INSERT INTO Enterprise.ProductType (ProductTypeId,ParentProductTypeId,Name,Description,ProductTypeGuid) VALUES(304,300,'Online Leasing','Online Leasing','B86514F6-7D9B-484E-A0A3-0FB5728B30FF')
	INSERT INTO Enterprise.ProductType (ProductTypeId,ParentProductTypeId,Name,Description,ProductTypeGuid) VALUES(305,300,'Lead2Lease','Lead2Lease','5C067FFE-4FD2-4194-ABAF-7BDEDBE759E5')
	INSERT INTO Enterprise.ProductType (ProductTypeId,ParentProductTypeId,Name,Description,ProductTypeGuid) VALUES(400,NULL,'Asset Optimization','Asset Optimization','CCFE2F2B-BE0B-4075-B673-110F683E51C4')
	INSERT INTO Enterprise.ProductType (ProductTypeId,ParentProductTypeId,Name,Description,ProductTypeGuid) VALUES(401,400,'Revenue Management','Revenue Management','751761DD-4053-4321-B499-504FCBB34B02')
	INSERT INTO Enterprise.ProductType (ProductTypeId,ParentProductTypeId,Name,Description,ProductTypeGuid) VALUES(402,400,'Business Intelligence','Business Intelligence','39307163-A3E9-4325-B4AF-CBFF9FA04EEA')
	INSERT INTO Enterprise.ProductType (ProductTypeId,ParentProductTypeId,Name,Description,ProductTypeGuid) VALUES(403,400,'Performance Analytics','Performance Analytics','EF812580-BB8A-4192-BB96-722F9FCB0BAB')
	INSERT INTO Enterprise.ProductType (ProductTypeId,ParentProductTypeId,Name,Description,ProductTypeGuid) VALUES(405,400,'Data Analytics','Data Analytics','8C3E2109-F7E9-43DC-882C-E0873083BD07')
	INSERT INTO Enterprise.ProductType (ProductTypeId,ParentProductTypeId,Name,Description,ProductTypeGuid) VALUES(406,400,'Asset and Investment Management','Asset and Investment Management','9F5A46F0-1387-4632-9326-1C8F07D86A3A')
	
	INSERT INTO Enterprise.StatusType (StatusTypeId,Name) VALUES(1,'Active')
	INSERT INTO Enterprise.StatusType (StatusTypeId,Name) VALUES(2,'Pending')
	INSERT INTO Enterprise.StatusType (StatusTypeId,Name) VALUES(3,'Locked')
	INSERT INTO Enterprise.StatusType (StatusTypeId,Name) VALUES(4,'Tainted')
	INSERT INTO Enterprise.StatusType (StatusTypeId,Name) VALUES(5,'Waiting')
	INSERT INTO Enterprise.StatusType (StatusTypeId,Name) VALUES(6,'Running')
	INSERT INTO Enterprise.StatusType (StatusTypeId,Name) VALUES(7,'Error')
	INSERT INTO Enterprise.StatusType (StatusTypeId,Name) VALUES(8,'Success')

	--SET IDENTITY_INSERT Ident.UserLogin ON
	--INSERT INTO Ident.UserLogin (UserId, PartyId, LoginName, PasswordHash, PasswordSalt, PasswordModifiedDate, LastLoginDate, FromDate, ThruDate)
	--VALUES(11, 33, 'james@test.com','lDgqPfSFN5tcdffGrVzejzpF/BjE62Hy+HW5b12ozo4zMCbAvxLcrQGvgzrH7i2UTPmTD60RdSBYW4KsaPXZTF1/CCJpZ+dH/MoRRkSIykB0KzM7RcRsmQmX8wLau27+i6uhg1JDV+AorW6fP1t6O1k3lW+OoUSHU6nQDIz4tBg=','ydyQsxBSMGnRF5YRCieibEzkTFVIfLezxeseMjrrIrsVUOV6o+gjIGpiOLht0KCREjeGEP9LKu4Jb0ge0Ecl6fZXB2D/M434T80E9SjN8bbPsvPHFxNTRCe2m/RF6+zvV4gfsztSAhN+8Uhzh3JUwH/bjsys7B82E/MciUNBf/c=',	NULL,'2017-06-28 18:25:23.030', '2017-05-25 00:00:00.000', '2099-12-31 00:00:00.000')
	--INSERT INTO Ident.UserLogin (UserId, PartyId, LoginName, PasswordHash, PasswordSalt, PasswordModifiedDate, LastLoginDate, FromDate, ThruDate)
	--VALUES(14, 36, 'michael.hart@local', 'lDgqPfSFN5tcdffGrVzejzpF/BjE62Hy+HW5b12ozo4zMCbAvxLcrQGvgzrH7i2UTPmTD60RdSBYW4KsaPXZTF1/CCJpZ+dH/MoRRkSIykB0KzM7RcRsmQmX8wLau27+i6uhg1JDV+AorW6fP1t6O1k3lW+OoUSHU6nQDIz4tBg=','ydyQsxBSMGnRF5YRCieibEzkTFVIfLezxeseMjrrIrsVUOV6o+gjIGpiOLht0KCREjeGEP9LKu4Jb0ge0Ecl6fZXB2D/M434T80E9SjN8bbPsvPHFxNTRCe2m/RF6+zvV4gfsztSAhN+8Uhzh3JUwH/bjsys7B82E/MciUNBf/c=',	NULL, NULL, '2017-04-20 02:23:29.493', '2099-12-31 00:00:00.000')
	--SET IDENTITY_INSERT Ident.UserLogin OFF

	INSERT INTO Ident.UserCurrentStatus ( UserId, StatusTypeId, StatusSetDate, FromDate ) VALUES ( 11, 1, '2017-07-07 18:32:04.530', '2017-07-07 18:32:04.530' )
	INSERT INTO Ident.UserCurrentStatus ( UserId, StatusTypeId, StatusSetDate, FromDate ) VALUES ( 14, 1, '2017-07-07 18:32:04.530', '2017-07-07 18:32:04.530' ) 
	
	SET IDENTITY_INSERT Enterprise.RelationshipType ON
	INSERT INTO Enterprise.RelationshipType (RelationshipTypeId,RoleTypeIdValidFrom,RoleTypeIdValidTo,Name,Description) VALUES(1,202,201,'Organization Rollup', NULL)
	INSERT INTO Enterprise.RelationshipType (RelationshipTypeId,RoleTypeIdValidFrom,RoleTypeIdValidTo,Name,Description) VALUES(2,301,203,'Employment','Employer / Employee relationship between person and organization')
	INSERT INTO Enterprise.RelationshipType (RelationshipTypeId,RoleTypeIdValidFrom,RoleTypeIdValidTo,Name,Description) VALUES(3,302,203,'Employment','Employer / Employee relationship between person and organization')
	INSERT INTO Enterprise.RelationshipType (RelationshipTypeId,RoleTypeIdValidFrom,RoleTypeIdValidTo,Name,Description) VALUES(4,303,203,'Employment','Employer / Employee relationship between person and organization')
	INSERT INTO Enterprise.RelationshipType (RelationshipTypeId,RoleTypeIdValidFrom,RoleTypeIdValidTo,Name,Description) VALUES(5,304,203,'Employment','Employer / Employee relationship between person and organization')
	INSERT INTO Enterprise.RelationshipType (RelationshipTypeId,RoleTypeIdValidFrom,RoleTypeIdValidTo,Name,Description) VALUES(6,305,203,'Employment','Employer / Employee relationship between person and organization')
	INSERT INTO Enterprise.RelationshipType (RelationshipTypeId,RoleTypeIdValidFrom,RoleTypeIdValidTo,Name,Description) VALUES(7,306,203,'Employment','Employer / Employee relationship between person and organization')
	INSERT INTO Enterprise.RelationshipType (RelationshipTypeId,RoleTypeIdValidFrom,RoleTypeIdValidTo,Name,Description) VALUES(8,307,203,'Employment','Employer / Employee relationship between person and organization')
	INSERT INTO Enterprise.RelationshipType (RelationshipTypeId,RoleTypeIdValidFrom,RoleTypeIdValidTo,Name,Description) VALUES(9,308,203,'Employment','Employer / Employee relationship between person and organization')
	INSERT INTO Enterprise.RelationshipType (RelationshipTypeId,RoleTypeIdValidFrom,RoleTypeIdValidTo,Name,Description) VALUES(10,309,203,'Employment','Employer / Employee relationship between person and organization')
	INSERT INTO Enterprise.RelationshipType (RelationshipTypeId,RoleTypeIdValidFrom,RoleTypeIdValidTo,Name,Description) VALUES(11,310,203,'Employment','Employer / Employee relationship between person and organization')
	INSERT INTO Enterprise.RelationshipType (RelationshipTypeId,RoleTypeIdValidFrom,RoleTypeIdValidTo,Name,Description) VALUES(12,311,203,'Employment','Employer / Employee relationship between person and organization')
	INSERT INTO Enterprise.RelationshipType (RelationshipTypeId,RoleTypeIdValidFrom,RoleTypeIdValidTo,Name,Description) VALUES(13,312,203,'Employment','Employer / Employee relationship between person and organization')
	INSERT INTO Enterprise.RelationshipType (RelationshipTypeId,RoleTypeIdValidFrom,RoleTypeIdValidTo,Name,Description) VALUES(14,313,203,'Employment','Employer / Employee relationship between person and organization')
	INSERT INTO Enterprise.RelationshipType (RelationshipTypeId,RoleTypeIdValidFrom,RoleTypeIdValidTo,Name,Description) VALUES(15,314,203,'Employment','Employer / Employee relationship between person and organization')
	INSERT INTO Enterprise.RelationshipType (RelationshipTypeId,RoleTypeIdValidFrom,RoleTypeIdValidTo,Name,Description) VALUES(16,315,203,'Employment','Employer / Employee relationship between person and organization')
	INSERT INTO Enterprise.RelationshipType (RelationshipTypeId,RoleTypeIdValidFrom,RoleTypeIdValidTo,Name,Description) VALUES(17,316,203,'Employment','Employer / Employee relationship between person and organization')
	INSERT INTO Enterprise.RelationshipType (RelationshipTypeId,RoleTypeIdValidFrom,RoleTypeIdValidTo,Name,Description) VALUES(18,317,203,'Employment','Employer / Employee relationship between person and organization')
	INSERT INTO Enterprise.RelationshipType (RelationshipTypeId,RoleTypeIdValidFrom,RoleTypeIdValidTo,Name,Description) VALUES(19,318,203,'Employment','Employer / Employee relationship between person and organization')
	INSERT INTO Enterprise.RelationshipType (RelationshipTypeId,RoleTypeIdValidFrom,RoleTypeIdValidTo,Name,Description) VALUES(20,319,203,'Employment','Employer / Employee relationship between person and organization')
	INSERT INTO Enterprise.RelationshipType (RelationshipTypeId,RoleTypeIdValidFrom,RoleTypeIdValidTo,Name,Description) VALUES(21,320,203,'Employment','Employer / Employee relationship between person and organization')
	INSERT INTO Enterprise.RelationshipType (RelationshipTypeId,RoleTypeIdValidFrom,RoleTypeIdValidTo,Name,Description) VALUES(22,321,203,'Employment','Employer / Employee relationship between person and organization')
	INSERT INTO Enterprise.RelationshipType (RelationshipTypeId,RoleTypeIdValidFrom,RoleTypeIdValidTo,Name,Description) VALUES(23,322,203,'Employment','Employer / Employee relationship between person and organization')
	INSERT INTO Enterprise.RelationshipType (RelationshipTypeId,RoleTypeIdValidFrom,RoleTypeIdValidTo,Name,Description) VALUES(24,323,203,'Employment','Employer / Employee relationship between person and organization')
	INSERT INTO Enterprise.RelationshipType (RelationshipTypeId,RoleTypeIdValidFrom,RoleTypeIdValidTo,Name,Description) VALUES(25,324,203,'Employment','Employer / Employee relationship between person and organization')
	INSERT INTO Enterprise.RelationshipType (RelationshipTypeId,RoleTypeIdValidFrom,RoleTypeIdValidTo,Name,Description) VALUES(26,325,203,'Employment','Employer / Employee relationship between person and organization')
	INSERT INTO Enterprise.RelationshipType (RelationshipTypeId,RoleTypeIdValidFrom,RoleTypeIdValidTo,Name,Description) VALUES(27,326,203,'Employment','Employer / Employee relationship between person and organization')
	INSERT INTO Enterprise.RelationshipType (RelationshipTypeId,RoleTypeIdValidFrom,RoleTypeIdValidTo,Name,Description) VALUES(28,327,203,'Employment','Employer / Employee relationship between person and organization')
	INSERT INTO Enterprise.RelationshipType (RelationshipTypeId,RoleTypeIdValidFrom,RoleTypeIdValidTo,Name,Description) VALUES(29,328,203,'Employment','Employer / Employee relationship between person and organization')
	INSERT INTO Enterprise.RelationshipType (RelationshipTypeId,RoleTypeIdValidFrom,RoleTypeIdValidTo,Name,Description) VALUES(30,329,203,'Employment','Employer / Employee relationship between person and organization')
	INSERT INTO Enterprise.RelationshipType (RelationshipTypeId,RoleTypeIdValidFrom,RoleTypeIdValidTo,Name,Description) VALUES(31,330,203,'Employment','Employer / Employee relationship between person and organization')
	INSERT INTO Enterprise.RelationshipType (RelationshipTypeId,RoleTypeIdValidFrom,RoleTypeIdValidTo,Name,Description) VALUES(32,331,203,'Employment','Employer / Employee relationship between person and organization')
	INSERT INTO Enterprise.RelationshipType (RelationshipTypeId,RoleTypeIdValidFrom,RoleTypeIdValidTo,Name,Description) VALUES(33,332,203,'Employment','Employer / Employee relationship between person and organization')
	INSERT INTO Enterprise.RelationshipType (RelationshipTypeId,RoleTypeIdValidFrom,RoleTypeIdValidTo,Name,Description) VALUES(34,333,203,'Employment','Employer / Employee relationship between person and organization')
	INSERT INTO Enterprise.RelationshipType (RelationshipTypeId,RoleTypeIdValidFrom,RoleTypeIdValidTo,Name,Description) VALUES(35,334,203,'Employment','Employer / Employee relationship between person and organization')
	INSERT INTO Enterprise.RelationshipType (RelationshipTypeId,RoleTypeIdValidFrom,RoleTypeIdValidTo,Name,Description) VALUES(36,335,203,'Employment','Employer / Employee relationship between person and organization')
	INSERT INTO Enterprise.RelationshipType (RelationshipTypeId,RoleTypeIdValidFrom,RoleTypeIdValidTo,Name,Description) VALUES(37,336,203,'Employment','Employer / Employee relationship between person and organization')
	INSERT INTO Enterprise.RelationshipType (RelationshipTypeId,RoleTypeIdValidFrom,RoleTypeIdValidTo,Name,Description) VALUES(38,337,203,'Employment','Employer / Employee relationship between person and organization')
	INSERT INTO Enterprise.RelationshipType (RelationshipTypeId,RoleTypeIdValidFrom,RoleTypeIdValidTo,Name,Description) VALUES(39,338,203,'Employment','Employer / Employee relationship between person and organization')
	INSERT INTO Enterprise.RelationshipType (RelationshipTypeId,RoleTypeIdValidFrom,RoleTypeIdValidTo,Name,Description) VALUES(40,339,203,'Employment','Employer / Employee relationship between person and organization')
	INSERT INTO Enterprise.RelationshipType (RelationshipTypeId,RoleTypeIdValidFrom,RoleTypeIdValidTo,Name,Description) VALUES(41,340,203,'Employment','Employer / Employee relationship between person and organization')
	INSERT INTO Enterprise.RelationshipType (RelationshipTypeId,RoleTypeIdValidFrom,RoleTypeIdValidTo,Name,Description) VALUES(42,341,203,'Employment','Employer / Employee relationship between person and organization')
	INSERT INTO Enterprise.RelationshipType (RelationshipTypeId,RoleTypeIdValidFrom,RoleTypeIdValidTo,Name,Description) VALUES(43,401,201,'User Relationship','User relationship between person and organization')
	INSERT INTO Enterprise.RelationshipType (RelationshipTypeId,RoleTypeIdValidFrom,RoleTypeIdValidTo,Name,Description) VALUES(44,401,202,'User Relationship','User relationship between person and organization')
	INSERT INTO Enterprise.RelationshipType (RelationshipTypeId,RoleTypeIdValidFrom,RoleTypeIdValidTo,Name,Description) VALUES(45,402,201,'User Relationship','User relationship between person and organization')
	INSERT INTO Enterprise.RelationshipType (RelationshipTypeId,RoleTypeIdValidFrom,RoleTypeIdValidTo,Name,Description) VALUES(46,402,202,'User Relationship','User relationship between person and organization')
	INSERT INTO Enterprise.RelationshipType (RelationshipTypeId,RoleTypeIdValidFrom,RoleTypeIdValidTo,Name,Description) VALUES(47,403,201,'User Relationship','User relationship between person and organization')
	INSERT INTO Enterprise.RelationshipType (RelationshipTypeId,RoleTypeIdValidFrom,RoleTypeIdValidTo,Name,Description) VALUES(48,403,202,'User Relationship','User relationship between person and organization')
	INSERT INTO Enterprise.RelationshipType (RelationshipTypeId,RoleTypeIdValidFrom,RoleTypeIdValidTo,Name,Description) VALUES(49,202,501,'Licensed Product',NULL)
	INSERT INTO Enterprise.RelationshipType (RelationshipTypeId,RoleTypeIdValidFrom,RoleTypeIdValidTo,Name,Description) VALUES(50,400,500,'Product User',NULL)
	INSERT INTO Enterprise.RelationshipType (RelationshipTypeId,RoleTypeIdValidFrom,RoleTypeIdValidTo,Name,Description) VALUES(51,401,500,'Product User',NULL)
	INSERT INTO Enterprise.RelationshipType (RelationshipTypeId,RoleTypeIdValidFrom,RoleTypeIdValidTo,Name,Description) VALUES(52,402,500,'Product SuperUser',NULL)
	INSERT INTO Enterprise.RelationshipType (RelationshipTypeId,RoleTypeIdValidFrom,RoleTypeIdValidTo,Name,Description) VALUES(53,403,500,'Product IA',NULL)
	INSERT INTO Enterprise.RelationshipType (RelationshipTypeId,RoleTypeIdValidFrom,RoleTypeIdValidTo,Name,Description) VALUES(1001,401,205,'User Type','User Type of a person in an organization')
	INSERT INTO Enterprise.RelationshipType (RelationshipTypeId,RoleTypeIdValidFrom,RoleTypeIdValidTo,Name,Description) VALUES(1002,402,205,'User Type','User Type of a person in an organization')
	INSERT INTO Enterprise.RelationshipType (RelationshipTypeId,RoleTypeIdValidFrom,RoleTypeIdValidTo,Name,Description) VALUES(1003,403,205,'User Type','User Type of a person in an organization')
	INSERT INTO Enterprise.RelationshipType (RelationshipTypeId,RoleTypeIdValidFrom,RoleTypeIdValidTo,Name,Description) VALUES(1004,404,205,'User Type','User Type of a person in an organization')
	SET IDENTITY_INSERT Enterprise.RelationshipType OFF


	--SET IDENTITY_INSERT Enterprise.StatusTypeCategory ON
	--INSERT INTO Enterprise.StatusTypeCategory (StatusTypeCategoryId,ParentStatusTypeCategoryId,StatusTypeCategoryTypeId,Name) VALUES(1,NULL,2,'User Status')
	--INSERT INTO Enterprise.StatusTypeCategory (StatusTypeCategoryId,ParentStatusTypeCategoryId,StatusTypeCategoryTypeId,Name) VALUES(2,NULL,3,'Configuration Status')
	--INSERT INTO Enterprise.StatusTypeCategory (StatusTypeCategoryId,ParentStatusTypeCategoryId,StatusTypeCategoryTypeId,Name) VALUES(4,NULL,3,'Configuration Status')
	--SET IDENTITY_INSERT Enterprise.StatusTypeCategory OFF

	--SET IDENTITY_INSERT Enterprise.Product ON
	INSERT INTO Enterprise.Product (ProductId,ProductGUID,Name,Description,ProductTypeId) VALUES(1,'733481CA-D054-41E4-8EEA-98A32D9AB933','OneSite','The OneSite environment provides access to Leasing and Rents, Facilities, Purchasing,..',101)
	INSERT INTO Enterprise.Product (ProductId,ProductGUID,Name,Description,ProductTypeId) VALUES(2,'552093B4-8F5D-41F2-A247-86782A22C1BD','UnifiedUI','UnifiedUI',101)
	INSERT INTO Enterprise.Product (ProductId,ProductGUID,Name,Description,ProductTypeId) VALUES(3,'142ACCEF-CBF9-4D09-85F1-716AABD6E6D5','Landing','Landing page',NULL)
	INSERT INTO Enterprise.Product (ProductId,ProductGUID,Name,Description,ProductTypeId) VALUES(4,'AA4B4561-DE40-4BF1-A934-CAB15D9E8D57','Asset Optimization','RealPage Portfolio Asset Management (PAM) is a solution designed and developed specifically for...',401)
	INSERT INTO Enterprise.Product (ProductId,ProductGUID,Name,Description,ProductTypeId) VALUES(5,'19F0C725-1F91-45DA-898E-0A1F8719F393','Propertyware','Provides a customizable property management solution designed to deliver the best value to...',101)
	INSERT INTO Enterprise.Product (ProductId,ProductGUID,Name,Description,ProductTypeId) VALUES(6,'A08B46BC-0ABF-4EE3-8B60-5C74D26AC4B8','Lead2Lease','The Lead2Lease solution helps you identify the quality of your leads, increase lead conversion...',305)
	INSERT INTO Enterprise.Product (ProductId,ProductGUID,Name,Description,ProductTypeId) VALUES(7,'201346B3-285D-4CF5-892A-FF4578C78FED','Yieldstar','Revenue Management tools leverage our lease-transaction transaction data to provide a daily...',401)
	INSERT INTO Enterprise.Product (ProductId,ProductGUID,Name,Description,ProductTypeId) VALUES(8,'99FA12B6-CD85-4A74-AE92-36A765E23B61','RealPage Accounting','RealPage Accounting is a feature-rich, web-based property management accounting solution designed...',102)
	INSERT INTO Enterprise.Product (ProductId,ProductGUID,Name,Description,ProductTypeId) VALUES(9,'87F7B143-8BF1-42F8-ABDB-2B26A54E2ABE','Websites & Syndication','Provides access to Marketing Center which provides tools to manage your community website...',303)
	INSERT INTO Enterprise.Product (ProductId,ProductGUID,Name,Description,ProductTypeId) VALUES(10,'55DA302A-EB6A-40DF-BA5F-9CCA53416B35','Prospect Contact Center','Gives you the ability to interact with the tools used by the RealPage Contact Center answering...',302)
	INSERT INTO Enterprise.Product (ProductId,ProductGUID,Name,Description,ProductTypeId) VALUES(11,'192CE08C-C841-4308-9283-9CC4F382D289','Social','Social',NULL)
	INSERT INTO Enterprise.Product (ProductId,ProductGUID,Name,Description,ProductTypeId) VALUES(12,'FF9A1FB8-5E94-4868-AF29-2D730BDA7981','Ops Bid','RealPage Vendor Credentialing software is a web-based tracking platform that provides a full...',104)
	INSERT INTO Enterprise.Product (ProductId,ProductGUID,Name,Description,ProductTypeId) VALUES(13,'491CCC70-365D-4F8B-8812-3D9C03B7D5BB','Spend Management','With RealPage Spend Management software solutions, your portfolio’s entire P.O. and ...',104)
	INSERT INTO Enterprise.Product (ProductId,ProductGUID,Name,Description,ProductTypeId) VALUES(14,'054E24B5-005F-4C76-B15D-2F661F10F407','ClientPortal','ClientPortal',NULL)
	INSERT INTO Enterprise.Product (ProductId,ProductGUID,Name,Description,ProductTypeId) VALUES(15,'28B3C90B-8B33-4749-B18F-BB80CFBF84E3','Renters Insurance','RealPage Renters Insurance makes covering your assets, and those of your residents, simple...',204)
	INSERT INTO Enterprise.Product (ProductId,ProductGUID,Name,Description,ProductTypeId) VALUES(16,'73DAD5CD-B6C2-448D-B6AA-7FCAA0982194','Vendor Services','RealPage Vendor Credentialing software is a web-based tracking platform that provides a full...',105)
	INSERT INTO Enterprise.Product (ProductId,ProductGUID,Name,Description,ProductTypeId) VALUES(17,'9DD95752-EE9C-495B-B822-0EE12ABB51E0','Active Building','The RealPage ActiveBuilding Resident Portal engages residents, boost renewals, and provides...',201)
	INSERT INTO Enterprise.Product (ProductId,ProductGUID,Name,Description,ProductTypeId) VALUES(18,'57EBA82A-64CB-4921-BDCA-71C8D9B99F67','Resident & Utility Management','Resident & Utility Management provides powerful platform for your business including one-bill...',205)
	INSERT INTO Enterprise.Product (ProductId,ProductGUID,Name,Description,ProductTypeId) VALUES(19,'054E24B5-005F-4C76-B15D-2F661F10F408','Product Learning Portal','Product Learning Portal',NULL)
	INSERT INTO Enterprise.Product (ProductId,ProductGUID,Name,Description,ProductTypeId) VALUES(20,'DBCDC320-76D1-46E7-A70E-0C76739C6B12','RealPage Document Management','RealPage Document Management',NULL)
	INSERT INTO Enterprise.Product (ProductId,ProductGUID,Name,Description,ProductTypeId) VALUES(21,'E6BB195B-8764-44BD-8979-8ABDEE02EE96','OneSite Conversions','OneSite Conversions',NULL)
	--SET IDENTITY_INSERT Enterprise.Product OFF

	--SET IDENTITY_INSERT Enterprise.ProductRelationship ON
	--INSERT INTO Enterprise.ProductRelationship (ProductRelationshipId,PartyIdFrom,ProductIdTo,RoleTypeIdFrom,RoleTypeIdTo,FromDate,ThruDate) VALUES(1,3,1,202,501,'2017-04-20 04:32:21.350',NULL)
	--INSERT INTO Enterprise.ProductRelationship (ProductRelationshipId,PartyIdFrom,ProductIdTo,RoleTypeIdFrom,RoleTypeIdTo,FromDate,ThruDate) VALUES(9,33,1,401,501,'2017-04-20 04:32:21.350',NULL)
	--INSERT INTO Enterprise.ProductRelationship (ProductRelationshipId,PartyIdFrom,ProductIdTo,RoleTypeIdFrom,RoleTypeIdTo,FromDate,ThruDate) VALUES(10,33,2,401,501,'2017-04-20 04:32:21.350',NULL)
	--INSERT INTO Enterprise.ProductRelationship (ProductRelationshipId,PartyIdFrom,ProductIdTo,RoleTypeIdFrom,RoleTypeIdTo,FromDate,ThruDate) VALUES(11,33,3,401,501,'2017-04-20 04:32:21.350',NULL)
	--INSERT INTO Enterprise.ProductRelationship (ProductRelationshipId,PartyIdFrom,ProductIdTo,RoleTypeIdFrom,RoleTypeIdTo,FromDate,ThruDate) VALUES(12,33,4,401,501,'2017-04-20 04:32:21.350',NULL)
	--INSERT INTO Enterprise.ProductRelationship (ProductRelationshipId,PartyIdFrom,ProductIdTo,RoleTypeIdFrom,RoleTypeIdTo,FromDate,ThruDate) VALUES(13,33,5,401,501,'2017-04-20 04:32:21.350',NULL)
	--INSERT INTO Enterprise.ProductRelationship (ProductRelationshipId,PartyIdFrom,ProductIdTo,RoleTypeIdFrom,RoleTypeIdTo,FromDate,ThruDate) VALUES(14,33,6,401,501,'2017-04-20 04:32:21.350',NULL)
	--INSERT INTO Enterprise.ProductRelationship (ProductRelationshipId,PartyIdFrom,ProductIdTo,RoleTypeIdFrom,RoleTypeIdTo,FromDate,ThruDate) VALUES(15,33,7,401,501,'2017-04-20 04:32:21.350',NULL)
	--INSERT INTO Enterprise.ProductRelationship (ProductRelationshipId,PartyIdFrom,ProductIdTo,RoleTypeIdFrom,RoleTypeIdTo,FromDate,ThruDate) VALUES(16,33,8,401,501,'2017-04-20 04:32:21.350',NULL)
	--INSERT INTO Enterprise.ProductRelationship (ProductRelationshipId,PartyIdFrom,ProductIdTo,RoleTypeIdFrom,RoleTypeIdTo,FromDate,ThruDate) VALUES(17,33,9,401,501,'2017-04-20 04:32:21.350',NULL)
	--INSERT INTO Enterprise.ProductRelationship (ProductRelationshipId,PartyIdFrom,ProductIdTo,RoleTypeIdFrom,RoleTypeIdTo,FromDate,ThruDate) VALUES(18,33,10,401,501,'2017-04-20 04:32:21.350',NULL)
	--INSERT INTO Enterprise.ProductRelationship (ProductRelationshipId,PartyIdFrom,ProductIdTo,RoleTypeIdFrom,RoleTypeIdTo,FromDate,ThruDate) VALUES(19,33,11,401,501,'2017-04-20 04:32:21.350',NULL)
	--INSERT INTO Enterprise.ProductRelationship (ProductRelationshipId,PartyIdFrom,ProductIdTo,RoleTypeIdFrom,RoleTypeIdTo,FromDate,ThruDate) VALUES(20,33,13,401,501,'2017-04-20 04:32:21.350',NULL)
	--INSERT INTO Enterprise.ProductRelationship (ProductRelationshipId,PartyIdFrom,ProductIdTo,RoleTypeIdFrom,RoleTypeIdTo,FromDate,ThruDate) VALUES(21,33,14,401,501,'2017-04-20 04:32:21.350',NULL)
	--INSERT INTO Enterprise.ProductRelationship (ProductRelationshipId,PartyIdFrom,ProductIdTo,RoleTypeIdFrom,RoleTypeIdTo,FromDate,ThruDate) VALUES(22,36,1,402,501,'2017-04-20 04:32:21.350',NULL)
	--INSERT INTO Enterprise.ProductRelationship (ProductRelationshipId,PartyIdFrom,ProductIdTo,RoleTypeIdFrom,RoleTypeIdTo,FromDate,ThruDate) VALUES(23,36,2,402,501,'2017-04-20 04:32:21.350',NULL)
	--INSERT INTO Enterprise.ProductRelationship (ProductRelationshipId,PartyIdFrom,ProductIdTo,RoleTypeIdFrom,RoleTypeIdTo,FromDate,ThruDate) VALUES(24,36,3,402,501,'2017-04-20 04:32:21.350',NULL)
	--SET IDENTITY_INSERT Enterprise.ProductRelationship OFF

	SET IDENTITY_INSERT Enterprise.ProductSetting ON
	INSERT INTO Enterprise.ProductSetting (ProductSettingId,ProductId,ProductSettingTypeId,Value,FromDate,ThruDate) VALUES(1,1,2,'leasing-and-rents','2017-04-20 03:47:23.103',NULL)
	INSERT INTO Enterprise.ProductSetting (ProductSettingId,ProductId,ProductSettingTypeId,Value,FromDate,ThruDate) VALUES(2,1,4,'/product/onesite','2017-04-20 03:47:23.103',NULL)
	INSERT INTO Enterprise.ProductSetting (ProductSettingId,ProductId,ProductSettingTypeId,Value,FromDate,ThruDate) VALUES(3,1,5,'OneSite','2017-04-20 03:47:23.103',NULL)
	INSERT INTO Enterprise.ProductSetting (ProductSettingId,ProductId,ProductSettingTypeId,Value,FromDate,ThruDate) VALUES(4,1,6,'0C9DA909-71FA-4807-BA36-7CCDE6E580EC','2017-04-20 03:47:23.103',NULL)
	INSERT INTO Enterprise.ProductSetting (ProductSettingId,ProductId,ProductSettingTypeId,Value,FromDate,ThruDate) VALUES(5,1,7,'1','2017-04-20 03:47:23.103',NULL)
	INSERT INTO Enterprise.ProductSetting (ProductSettingId,ProductId,ProductSettingTypeId,Value,FromDate,ThruDate) VALUES(6,1,8,'OneSite','2017-04-20 03:47:23.103',NULL)
	INSERT INTO Enterprise.ProductSetting (ProductSettingId,ProductId,ProductSettingTypeId,Value,FromDate,ThruDate) VALUES(7,2,1,'7','2017-04-20 03:47:23.103',NULL)
	INSERT INTO Enterprise.ProductSetting (ProductSettingId,ProductId,ProductSettingTypeId,Value,FromDate,ThruDate) VALUES(8,2,2,'leasing-and-rents','2017-04-20 03:47:23.103',NULL)
	INSERT INTO Enterprise.ProductSetting (ProductSettingId,ProductId,ProductSettingTypeId,Value,FromDate,ThruDate) VALUES(9,2,3,'/#/product/lrc/settings/resident-management/general','2017-04-20 03:47:23.103',NULL)
	INSERT INTO Enterprise.ProductSetting (ProductSettingId,ProductId,ProductSettingTypeId,Value,FromDate,ThruDate) VALUES(10,2,4,'https://lm-10-22-161-25.onesitedev.realpage.com/ui/signin/o2c.html?access_token={0}','2017-04-20 03:47:23.103',NULL)
	INSERT INTO Enterprise.ProductSetting (ProductSettingId,ProductId,ProductSettingTypeId,Value,FromDate,ThruDate) VALUES(11,2,5,'Leasing & Rents','2017-04-20 03:47:23.103',NULL)
	INSERT INTO Enterprise.ProductSetting (ProductSettingId,ProductId,ProductSettingTypeId,Value,FromDate,ThruDate) VALUES(12,2,6,'','2017-04-20 03:47:23.103',NULL)
	INSERT INTO Enterprise.ProductSetting (ProductSettingId,ProductId,ProductSettingTypeId,Value,FromDate,ThruDate) VALUES(13,2,7,'0','2017-04-20 03:47:23.103',NULL)
	INSERT INTO Enterprise.ProductSetting (ProductSettingId,ProductId,ProductSettingTypeId,Value,FromDate,ThruDate) VALUES(14,2,8,'Leasing & Rents','2017-04-20 03:47:23.103',NULL)
	INSERT INTO Enterprise.ProductSetting (ProductSettingId,ProductId,ProductSettingTypeId,Value,FromDate,ThruDate) VALUES(15,3,1,'8','2017-04-20 03:47:23.103',NULL)
	INSERT INTO Enterprise.ProductSetting (ProductSettingId,ProductId,ProductSettingTypeId,Value,FromDate,ThruDate) VALUES(16,3,7,'1','2017-04-20 03:47:23.103',NULL)
	INSERT INTO Enterprise.ProductSetting (ProductSettingId,ProductId,ProductSettingTypeId,Value,FromDate,ThruDate) VALUES(17,4,3,'','2017-04-20 03:47:23.103',NULL)
	INSERT INTO Enterprise.ProductSetting (ProductSettingId,ProductId,ProductSettingTypeId,Value,FromDate,ThruDate) VALUES(18,4,4,'/product/assetoptimizer','2017-04-20 03:47:23.103',NULL)
	INSERT INTO Enterprise.ProductSetting (ProductSettingId,ProductId,ProductSettingTypeId,Value,FromDate,ThruDate) VALUES(19,4,5,'Asset Optimization','2017-04-20 03:47:23.103',NULL)
	INSERT INTO Enterprise.ProductSetting (ProductSettingId,ProductId,ProductSettingTypeId,Value,FromDate,ThruDate) VALUES(20,4,6,'EA66353F-338E-444E-8775-06FDC6B4D020','2017-04-20 03:47:23.103',NULL)
	INSERT INTO Enterprise.ProductSetting (ProductSettingId,ProductId,ProductSettingTypeId,Value,FromDate,ThruDate) VALUES(21,4,7,'1','2017-04-20 03:47:23.103',NULL)
	INSERT INTO Enterprise.ProductSetting (ProductSettingId,ProductId,ProductSettingTypeId,Value,FromDate,ThruDate) VALUES(22,4,8,'OneSite','2017-04-20 03:47:23.103',NULL)
	INSERT INTO Enterprise.ProductSetting (ProductSettingId,ProductId,ProductSettingTypeId,Value,FromDate,ThruDate) VALUES(23,5,3,'','2017-04-20 03:47:23.103',NULL)
	INSERT INTO Enterprise.ProductSetting (ProductSettingId,ProductId,ProductSettingTypeId,Value,FromDate,ThruDate) VALUES(24,5,4,'/product/propertyware','2017-04-20 03:47:23.103',NULL)
	INSERT INTO Enterprise.ProductSetting (ProductSettingId,ProductId,ProductSettingTypeId,Value,FromDate,ThruDate) VALUES(25,5,5,'Propertyware','2017-04-20 03:47:23.103',NULL)
	INSERT INTO Enterprise.ProductSetting (ProductSettingId,ProductId,ProductSettingTypeId,Value,FromDate,ThruDate) VALUES(26,5,6,'7E298848-4A6D-4042-BE9C-29FF2A73186EC','2017-04-20 03:47:23.103',NULL)
	INSERT INTO Enterprise.ProductSetting (ProductSettingId,ProductId,ProductSettingTypeId,Value,FromDate,ThruDate) VALUES(27,5,7,'1','2017-04-20 03:47:23.103',NULL)
	INSERT INTO Enterprise.ProductSetting (ProductSettingId,ProductId,ProductSettingTypeId,Value,FromDate,ThruDate) VALUES(28,5,8,'OneSite','2017-04-20 03:47:23.103',NULL)
	INSERT INTO Enterprise.ProductSetting (ProductSettingId,ProductId,ProductSettingTypeId,Value,FromDate,ThruDate) VALUES(29,6,3,'','2017-04-20 03:47:23.103',NULL)
	INSERT INTO Enterprise.ProductSetting (ProductSettingId,ProductId,ProductSettingTypeId,Value,FromDate,ThruDate) VALUES(30,6,4,'/product/lead2lease','2017-04-20 03:47:23.103',NULL)
	INSERT INTO Enterprise.ProductSetting (ProductSettingId,ProductId,ProductSettingTypeId,Value,FromDate,ThruDate) VALUES(31,6,5,'Lead2Lease','2017-04-20 03:47:23.103',NULL)
	INSERT INTO Enterprise.ProductSetting (ProductSettingId,ProductId,ProductSettingTypeId,Value,FromDate,ThruDate) VALUES(32,6,6,'0AE2B7C9-6492-4F8F-BC1B-6C0B1D8663C1','2017-04-20 03:47:23.103',NULL)
	INSERT INTO Enterprise.ProductSetting (ProductSettingId,ProductId,ProductSettingTypeId,Value,FromDate,ThruDate) VALUES(33,6,7,'1','2017-04-20 03:47:23.103',NULL)
	INSERT INTO Enterprise.ProductSetting (ProductSettingId,ProductId,ProductSettingTypeId,Value,FromDate,ThruDate) VALUES(34,6,8,'OneSite','2017-04-20 03:47:23.103',NULL)
	INSERT INTO Enterprise.ProductSetting (ProductSettingId,ProductId,ProductSettingTypeId,Value,FromDate,ThruDate) VALUES(35,7,3,'','2017-04-20 03:47:23.103',NULL)
	INSERT INTO Enterprise.ProductSetting (ProductSettingId,ProductId,ProductSettingTypeId,Value,FromDate,ThruDate) VALUES(36,7,4,'/product/yieldstar','2017-04-20 03:47:23.103',NULL)
	INSERT INTO Enterprise.ProductSetting (ProductSettingId,ProductId,ProductSettingTypeId,Value,FromDate,ThruDate) VALUES(37,7,5,'Yieldstar','2017-04-20 03:47:23.103',NULL)
	INSERT INTO Enterprise.ProductSetting (ProductSettingId,ProductId,ProductSettingTypeId,Value,FromDate,ThruDate) VALUES(38,7,6,'955F9930-0753-43A1-9304-EAEC9F4B5626','2017-04-20 03:47:23.103',NULL)
	INSERT INTO Enterprise.ProductSetting (ProductSettingId,ProductId,ProductSettingTypeId,Value,FromDate,ThruDate) VALUES(39,7,7,'1','2017-04-20 03:47:23.103',NULL)
	INSERT INTO Enterprise.ProductSetting (ProductSettingId,ProductId,ProductSettingTypeId,Value,FromDate,ThruDate) VALUES(40,7,8,'OneSite','2017-04-20 03:47:23.103',NULL)
	INSERT INTO Enterprise.ProductSetting (ProductSettingId,ProductId,ProductSettingTypeId,Value,FromDate,ThruDate) VALUES(41,8,3,'','2017-04-20 03:47:23.103',NULL)
	INSERT INTO Enterprise.ProductSetting (ProductSettingId,ProductId,ProductSettingTypeId,Value,FromDate,ThruDate) VALUES(42,8,4,'/product/accounting','2017-04-20 03:47:23.103',NULL)
	INSERT INTO Enterprise.ProductSetting (ProductSettingId,ProductId,ProductSettingTypeId,Value,FromDate,ThruDate) VALUES(43,8,5,'RealPage Accounting','2017-04-20 03:47:23.103',NULL)
	INSERT INTO Enterprise.ProductSetting (ProductSettingId,ProductId,ProductSettingTypeId,Value,FromDate,ThruDate) VALUES(44,8,6,'CEEFB7BD-65E0-4C4E-B74F-6975992EFFC3','2017-04-20 03:47:23.103',NULL)
	INSERT INTO Enterprise.ProductSetting (ProductSettingId,ProductId,ProductSettingTypeId,Value,FromDate,ThruDate) VALUES(45,8,7,'1','2017-04-20 03:47:23.103',NULL)
	INSERT INTO Enterprise.ProductSetting (ProductSettingId,ProductId,ProductSettingTypeId,Value,FromDate,ThruDate) VALUES(46,8,8,'OneSite','2017-04-20 03:47:23.103',NULL)
	INSERT INTO Enterprise.ProductSetting (ProductSettingId,ProductId,ProductSettingTypeId,Value,FromDate,ThruDate) VALUES(47,9,3,'','2017-04-20 03:47:23.103',NULL)
	INSERT INTO Enterprise.ProductSetting (ProductSettingId,ProductId,ProductSettingTypeId,Value,FromDate,ThruDate) VALUES(48,9,4,'/product/marketingcenter','2017-04-20 03:47:23.103',NULL)
	INSERT INTO Enterprise.ProductSetting (ProductSettingId,ProductId,ProductSettingTypeId,Value,FromDate,ThruDate) VALUES(49,9,5,'Websites & Syndication','2017-04-20 03:47:23.103',NULL)
	INSERT INTO Enterprise.ProductSetting (ProductSettingId,ProductId,ProductSettingTypeId,Value,FromDate,ThruDate) VALUES(50,9,6,'702AFBCB-0BDB-4360-B120-C852FB593512','2017-04-20 03:47:23.103',NULL)
	INSERT INTO Enterprise.ProductSetting (ProductSettingId,ProductId,ProductSettingTypeId,Value,FromDate,ThruDate) VALUES(51,9,7,'1','2017-04-20 03:47:23.103',NULL)
	INSERT INTO Enterprise.ProductSetting (ProductSettingId,ProductId,ProductSettingTypeId,Value,FromDate,ThruDate) VALUES(52,9,8,'OneSite','2017-04-20 03:47:23.103',NULL)
	INSERT INTO Enterprise.ProductSetting (ProductSettingId,ProductId,ProductSettingTypeId,Value,FromDate,ThruDate) VALUES(53,10,3,'','2017-04-20 03:47:23.103',NULL)
	INSERT INTO Enterprise.ProductSetting (ProductSettingId,ProductId,ProductSettingTypeId,Value,FromDate,ThruDate) VALUES(54,10,4,'/product/prospectcontactcenter','2017-04-20 03:47:23.103',NULL)
	INSERT INTO Enterprise.ProductSetting (ProductSettingId,ProductId,ProductSettingTypeId,Value,FromDate,ThruDate) VALUES(55,10,5,'Prospect Contact Center','2017-04-20 03:47:23.103',NULL)
	INSERT INTO Enterprise.ProductSetting (ProductSettingId,ProductId,ProductSettingTypeId,Value,FromDate,ThruDate) VALUES(56,10,6,'D2E30084-1F8F-46D2-A7F2-B668C423E61E','2017-04-20 03:47:23.103',NULL)
	INSERT INTO Enterprise.ProductSetting (ProductSettingId,ProductId,ProductSettingTypeId,Value,FromDate,ThruDate) VALUES(57,10,7,'1','2017-04-20 03:47:23.103',NULL)
	INSERT INTO Enterprise.ProductSetting (ProductSettingId,ProductId,ProductSettingTypeId,Value,FromDate,ThruDate) VALUES(58,10,8,'OneSite','2017-04-20 03:47:23.103',NULL)
	INSERT INTO Enterprise.ProductSetting (ProductSettingId,ProductId,ProductSettingTypeId,Value,FromDate,ThruDate) VALUES(59,11,3,'','2017-04-20 03:47:23.103',NULL)
	INSERT INTO Enterprise.ProductSetting (ProductSettingId,ProductId,ProductSettingTypeId,Value,FromDate,ThruDate) VALUES(60,11,4,'/product/social','2017-04-20 03:47:23.103',NULL)
	INSERT INTO Enterprise.ProductSetting (ProductSettingId,ProductId,ProductSettingTypeId,Value,FromDate,ThruDate) VALUES(61,11,5,'Social','2017-04-20 03:47:23.103',NULL)
	INSERT INTO Enterprise.ProductSetting (ProductSettingId,ProductId,ProductSettingTypeId,Value,FromDate,ThruDate) VALUES(62,11,6,'','2017-04-20 03:47:23.103',NULL)
	INSERT INTO Enterprise.ProductSetting (ProductSettingId,ProductId,ProductSettingTypeId,Value,FromDate,ThruDate) VALUES(63,11,7,'1','2017-04-20 03:47:23.103',NULL)
	INSERT INTO Enterprise.ProductSetting (ProductSettingId,ProductId,ProductSettingTypeId,Value,FromDate,ThruDate) VALUES(64,11,8,'OneSite','2017-04-20 03:47:23.103',NULL)
	INSERT INTO Enterprise.ProductSetting (ProductSettingId,ProductId,ProductSettingTypeId,Value,FromDate,ThruDate) VALUES(65,12,3,'','2017-04-20 03:47:23.103',NULL)
	INSERT INTO Enterprise.ProductSetting (ProductSettingId,ProductId,ProductSettingTypeId,Value,FromDate,ThruDate) VALUES(66,12,4,'/product/opsbid','2017-04-20 03:47:23.103',NULL)
	INSERT INTO Enterprise.ProductSetting (ProductSettingId,ProductId,ProductSettingTypeId,Value,FromDate,ThruDate) VALUES(67,12,5,'OpsBid','2017-04-20 03:47:23.103',NULL)
	INSERT INTO Enterprise.ProductSetting (ProductSettingId,ProductId,ProductSettingTypeId,Value,FromDate,ThruDate) VALUES(68,12,6,'','2017-04-20 03:47:23.103',NULL)
	INSERT INTO Enterprise.ProductSetting (ProductSettingId,ProductId,ProductSettingTypeId,Value,FromDate,ThruDate) VALUES(69,12,7,'1','2017-04-20 03:47:23.103',NULL)
	INSERT INTO Enterprise.ProductSetting (ProductSettingId,ProductId,ProductSettingTypeId,Value,FromDate,ThruDate) VALUES(70,12,8,'OneSite','2017-04-20 03:47:23.103',NULL)
	INSERT INTO Enterprise.ProductSetting (ProductSettingId,ProductId,ProductSettingTypeId,Value,FromDate,ThruDate) VALUES(71,13,3,'','2017-04-20 03:47:23.103',NULL)
	INSERT INTO Enterprise.ProductSetting (ProductSettingId,ProductId,ProductSettingTypeId,Value,FromDate,ThruDate) VALUES(72,13,4,'/product/opsbuyer','2017-04-20 03:47:23.103',NULL)
	INSERT INTO Enterprise.ProductSetting (ProductSettingId,ProductId,ProductSettingTypeId,Value,FromDate,ThruDate) VALUES(73,13,5,'Spend Management','2017-04-20 03:47:23.103',NULL)
	INSERT INTO Enterprise.ProductSetting (ProductSettingId,ProductId,ProductSettingTypeId,Value,FromDate,ThruDate) VALUES(74,13,6,'F80209A2-EFF4-4DBF-8A3D-785BCDF031A3','2017-04-20 03:47:23.103',NULL)
	INSERT INTO Enterprise.ProductSetting (ProductSettingId,ProductId,ProductSettingTypeId,Value,FromDate,ThruDate) VALUES(75,13,7,'1','2017-04-20 03:47:23.103',NULL)
	INSERT INTO Enterprise.ProductSetting (ProductSettingId,ProductId,ProductSettingTypeId,Value,FromDate,ThruDate) VALUES(76,13,8,'OneSite','2017-04-20 03:47:23.103',NULL)
	INSERT INTO Enterprise.ProductSetting (ProductSettingId,ProductId,ProductSettingTypeId,Value,FromDate,ThruDate) VALUES(77,14,3,'','2017-04-20 03:47:23.103',NULL)
	INSERT INTO Enterprise.ProductSetting (ProductSettingId,ProductId,ProductSettingTypeId,Value,FromDate,ThruDate) VALUES(78,14,4,'/product/clientportal','2017-04-20 03:47:23.103',NULL)
	INSERT INTO Enterprise.ProductSetting (ProductSettingId,ProductId,ProductSettingTypeId,Value,FromDate,ThruDate) VALUES(79,14,5,'Client Portal','2017-04-20 03:47:23.103',NULL)
	INSERT INTO Enterprise.ProductSetting (ProductSettingId,ProductId,ProductSettingTypeId,Value,FromDate,ThruDate) VALUES(80,14,6,'','2017-04-20 03:47:23.103',NULL)
	INSERT INTO Enterprise.ProductSetting (ProductSettingId,ProductId,ProductSettingTypeId,Value,FromDate,ThruDate) VALUES(81,14,7,'1','2017-04-20 03:47:23.103',NULL)
	INSERT INTO Enterprise.ProductSetting (ProductSettingId,ProductId,ProductSettingTypeId,Value,FromDate,ThruDate) VALUES(82,14,8,'OneSite','2017-04-20 03:47:23.103',NULL)
	INSERT INTO Enterprise.ProductSetting (ProductSettingId,ProductId,ProductSettingTypeId,Value,FromDate,ThruDate) VALUES(1001,1,1,'101','2017-05-23 10:50:58.243',NULL)
	INSERT INTO Enterprise.ProductSetting (ProductSettingId,ProductId,ProductSettingTypeId,Value,FromDate,ThruDate) VALUES(1004,1,1002,'1','2017-05-23 10:59:57.253',NULL)
	INSERT INTO Enterprise.ProductSetting (ProductSettingId,ProductId,ProductSettingTypeId,Value,FromDate,ThruDate) VALUES(1008,1,2,'PersonaClassName','2017-05-23 00:00:00.000','2017-05-23 00:00:00.000')
	INSERT INTO Enterprise.ProductSetting (ProductSettingId,ProductId,ProductSettingTypeId,Value,FromDate,ThruDate) VALUES(1011,1,1002,'1','2017-05-22 00:00:00.000','2017-05-22 00:00:00.000')
	INSERT INTO Enterprise.ProductSetting (ProductSettingId,ProductId,ProductSettingTypeId,Value,FromDate,ThruDate) VALUES(1012,1,3,'Persona2SettingUrl','2017-05-23 00:00:00.000','2017-05-23 00:00:00.000')
	INSERT INTO Enterprise.ProductSetting (ProductSettingId,ProductId,ProductSettingTypeId,Value,FromDate,ThruDate) VALUES(1013,1,1,1001,'2017-05-23 00:00:00.000','2017-05-23 00:00:00.000')
	INSERT INTO Enterprise.ProductSetting (ProductSettingId,ProductId,ProductSettingTypeId,Value,FromDate,ThruDate) VALUES(1016,14,1001,'1','2017-05-24 23:18:47.290',NULL)
	INSERT INTO Enterprise.ProductSetting (ProductSettingId,ProductId,ProductSettingTypeId,Value,FromDate,ThruDate) VALUES(1017,19,1001,'1','2017-05-24 23:19:08.060',NULL)
	INSERT INTO Enterprise.ProductSetting (ProductSettingId,ProductId,ProductSettingTypeId,Value,FromDate,ThruDate) VALUES(1018,1,1004,'https://www.realpage.com','2017-05-25 00:00:00.000',NULL)
	INSERT INTO Enterprise.ProductSetting (ProductSettingId,ProductId,ProductSettingTypeId,Value,FromDate,ThruDate) VALUES(1021,1,1003,'OneSite Leasing & Rents, Facilities, Purchasing, Doc. Mgmt','2017-05-25 00:00:00.000',NULL)
	INSERT INTO Enterprise.ProductSetting (ProductSettingId,ProductId,ProductSettingTypeId,Value,FromDate,ThruDate) VALUES(1022,16,2,'vendor-services','2017-05-25 18:23:47.317',NULL)
	INSERT INTO Enterprise.ProductSetting (ProductSettingId,ProductId,ProductSettingTypeId,Value,FromDate,ThruDate) VALUES(1023,16,4,'/product/vendorservices','2017-05-25 18:26:15.837',NULL)
	INSERT INTO Enterprise.ProductSetting (ProductSettingId,ProductId,ProductSettingTypeId,Value,FromDate,ThruDate) VALUES(1025,16,5,'Vendor Services','2017-05-25 18:28:52.250',NULL)
	INSERT INTO Enterprise.ProductSetting (ProductSettingId,ProductId,ProductSettingTypeId,Value,FromDate,ThruDate) VALUES(1027,16,8,'Vendor Services','2017-05-25 18:29:27.093',NULL)
	INSERT INTO Enterprise.ProductSetting (ProductSettingId,ProductId,ProductSettingTypeId,Value,FromDate,ThruDate) VALUES(1028,16,6,'07B352BA-1001-41FB-99CD-DBA778C70914','2017-05-25 18:29:53.407',NULL)
	INSERT INTO Enterprise.ProductSetting (ProductSettingId,ProductId,ProductSettingTypeId,Value,FromDate,ThruDate) VALUES(1029,16,7,'1','2017-05-25 18:30:07.930',NULL)
	INSERT INTO Enterprise.ProductSetting (ProductSettingId,ProductId,ProductSettingTypeId,Value,FromDate,ThruDate) VALUES(1031,17,2,'active-building','2017-05-25 20:03:18.560',NULL)
	INSERT INTO Enterprise.ProductSetting (ProductSettingId,ProductId,ProductSettingTypeId,Value,FromDate,ThruDate) VALUES(1032,17,4,'/product/activebuilding','2017-05-25 20:03:30.387',NULL)
	INSERT INTO Enterprise.ProductSetting (ProductSettingId,ProductId,ProductSettingTypeId,Value,FromDate,ThruDate) VALUES(1033,17,5,'Active Building','2017-05-25 20:03:39.207',NULL)
	INSERT INTO Enterprise.ProductSetting (ProductSettingId,ProductId,ProductSettingTypeId,Value,FromDate,ThruDate) VALUES(1034,17,6,'6BA23040-6B36-402A-86D9-60C3594A5712','2017-05-25 20:04:21.473',NULL)
	INSERT INTO Enterprise.ProductSetting (ProductSettingId,ProductId,ProductSettingTypeId,Value,FromDate,ThruDate) VALUES(1035,17,8,'Active Building','2017-05-25 20:04:30.010',NULL)
	INSERT INTO Enterprise.ProductSetting (ProductSettingId,ProductId,ProductSettingTypeId,Value,FromDate,ThruDate) VALUES(1036,4,1004,'https://www.realpage.com/asset-investment-management/portfolio-asset-management/','2017-05-29 00:00:00.000',NULL)
	INSERT INTO Enterprise.ProductSetting (ProductSettingId,ProductId,ProductSettingTypeId,Value,FromDate,ThruDate) VALUES(1037,5,1004,'https://www.realpage.com/asset-investment-management/portfolio-asset-management/','2017-05-29 15:58:33.993',NULL)
	INSERT INTO Enterprise.ProductSetting (ProductSettingId,ProductId,ProductSettingTypeId,Value,FromDate,ThruDate) VALUES(1038,6,1004,'https://www.realpage.com/apartment-marketing/lead2lease/','2017-05-29 15:59:38.780',NULL)
	INSERT INTO Enterprise.ProductSetting (ProductSettingId,ProductId,ProductSettingTypeId,Value,FromDate,ThruDate) VALUES(1039,7,1004,'https://www.realpage.com/asset-investment-management/portfolio-asset-management/','2017-05-29 16:00:56.280',NULL)
	INSERT INTO Enterprise.ProductSetting (ProductSettingId,ProductId,ProductSettingTypeId,Value,FromDate,ThruDate) VALUES(1040,8,1004,'https://www.realpage.com/property-management-software/accounting-software/','2017-05-29 16:02:21.710',NULL)
	INSERT INTO Enterprise.ProductSetting (ProductSettingId,ProductId,ProductSettingTypeId,Value,FromDate,ThruDate) VALUES(1041,9,1004,'https://www.realpage.com/apartment-marketing/website-design/','2017-05-29 16:03:55.000',NULL)
	INSERT INTO Enterprise.ProductSetting (ProductSettingId,ProductId,ProductSettingTypeId,Value,FromDate,ThruDate) VALUES(1042,10,1004,'https://www.realpage.com/apartment-marketing/contact-center/','2017-05-29 16:04:42.440',NULL)
	INSERT INTO Enterprise.ProductSetting (ProductSettingId,ProductId,ProductSettingTypeId,Value,FromDate,ThruDate) VALUES(1043,12,1004,'https://www.realpage.com/property-management-software/spend-management-software/','2017-05-29 16:05:26.080',NULL)
	INSERT INTO Enterprise.ProductSetting (ProductSettingId,ProductId,ProductSettingTypeId,Value,FromDate,ThruDate) VALUES(1044,13,1004,'https://www.realpage.com/property-management-software/spend-management-software/','2017-05-29 16:05:42.493',NULL)
	INSERT INTO Enterprise.ProductSetting (ProductSettingId,ProductId,ProductSettingTypeId,Value,FromDate,ThruDate) VALUES(1045,16,1004,'https://www.realpage.com/property-management-software/spend-management-software/#vendor-credentialing','2017-05-29 16:06:18.790',NULL)
	INSERT INTO Enterprise.ProductSetting (ProductSettingId,ProductId,ProductSettingTypeId,Value,FromDate,ThruDate) VALUES(1046,17,1004,'https://www.realpage.com/resident-services/resident-portal/','2017-05-29 16:07:48.380',NULL)
	INSERT INTO Enterprise.ProductSetting (ProductSettingId,ProductId,ProductSettingTypeId,Value,FromDate,ThruDate) VALUES(1047,8,1003,'Property, Job Cost, Corporate','2017-05-29 16:53:15.170',NULL)
	INSERT INTO Enterprise.ProductSetting (ProductSettingId,ProductId,ProductSettingTypeId,Value,FromDate,ThruDate) VALUES(1048,16,1003,'Vendor Compliance','2017-05-29 16:54:24.907',NULL)
	INSERT INTO Enterprise.ProductSetting (ProductSettingId,ProductId,ProductSettingTypeId,Value,FromDate,ThruDate) VALUES(1049,7,1003,'YieldStar, LRO','2017-05-29 17:11:24.580',NULL)
	INSERT INTO Enterprise.ProductSetting (ProductSettingId,ProductId,ProductSettingTypeId,Value,FromDate,ThruDate) VALUES(1051,19,5,'Product Learning Portal','2017-05-30 08:17:23.330',NULL)
	INSERT INTO Enterprise.ProductSetting (ProductSettingId,ProductId,ProductSettingTypeId,Value,FromDate,ThruDate) VALUES(1052,18,2,'utility-management','2017-05-30 00:00:00.000',NULL)
	INSERT INTO Enterprise.ProductSetting (ProductSettingId,ProductId,ProductSettingTypeId,Value,FromDate,ThruDate) VALUES(1053,18,4,'/product/utilitymanagement','2017-05-30 00:00:00.000',NULL)
	INSERT INTO Enterprise.ProductSetting (ProductSettingId,ProductId,ProductSettingTypeId,Value,FromDate,ThruDate) VALUES(1054,18,5,'Resident & Utility Management','2017-05-30 00:00:00.000',NULL)
	INSERT INTO Enterprise.ProductSetting (ProductSettingId,ProductId,ProductSettingTypeId,Value,FromDate,ThruDate) VALUES(1055,18,6,'A6239C5A-8B0F-415E-BD7F-83D48C47388E','2017-05-30 00:00:00.000',NULL)
	INSERT INTO Enterprise.ProductSetting (ProductSettingId,ProductId,ProductSettingTypeId,Value,FromDate,ThruDate) VALUES(1056,18,7,'1','2017-05-30 00:00:00.000',NULL)
	INSERT INTO Enterprise.ProductSetting (ProductSettingId,ProductId,ProductSettingTypeId,Value,FromDate,ThruDate) VALUES(1057,18,8,'OneSite','2017-05-30 00:00:00.000',NULL)
	INSERT INTO Enterprise.ProductSetting (ProductSettingId,ProductId,ProductSettingTypeId,Value,FromDate,ThruDate) VALUES(1058,18,1005,'https://apidev.nwp.com','2017-06-01 18:09:35.490',NULL)
	INSERT INTO Enterprise.ProductSetting (ProductSettingId,ProductId,ProductSettingTypeId,Value,FromDate,ThruDate) VALUES(1061,1,1009,'Leasing & Rents, Facilities, Purchasing, Doc Mgmt','2017-06-12 17:05:59.000',NULL)
	INSERT INTO Enterprise.ProductSetting (ProductSettingId,ProductId,ProductSettingTypeId,Value,FromDate,ThruDate) VALUES(1062,1,1005,'https://lm-10-22-167-92.onesitedev.realpage.com/LogonSvc/ProductService.asmx','2017-06-01 00:00:00.000',NULL)
	INSERT INTO Enterprise.ProductSetting (ProductSettingId,ProductId,ProductSettingTypeId,Value,FromDate,ThruDate) VALUES(1063,1,1010,'cmVhbHBhZ2Vzc28=','2017-06-01 00:00:00.000',NULL)
	INSERT INTO Enterprise.ProductSetting (ProductSettingId,ProductId,ProductSettingTypeId,Value,FromDate,ThruDate) VALUES(1064,1,1011,'Y2FwZTQ3T1BFczk2RXdFcnM=','2017-06-01 00:00:00.000',NULL)
	INSERT INTO Enterprise.ProductSetting (ProductSettingId,ProductId,ProductSettingTypeId,Value,FromDate,ThruDate) VALUES(1065,4,1002,'1','2017-06-15 12:31:42.713',NULL)
	INSERT INTO Enterprise.ProductSetting (ProductSettingId,ProductId,ProductSettingTypeId,Value,FromDate,ThruDate) VALUES(1066,6,1002,'1','2017-06-15 12:43:13.423',NULL)
	INSERT INTO Enterprise.ProductSetting (ProductSettingId,ProductId,ProductSettingTypeId,Value,FromDate,ThruDate) VALUES(1068,7,1002,'0','2017-06-15 12:45:09.057',NULL)
	INSERT INTO Enterprise.ProductSetting (ProductSettingId,ProductId,ProductSettingTypeId,Value,FromDate,ThruDate) VALUES(1069,8,1002,'1','2017-06-15 13:01:47.533',NULL)
	INSERT INTO Enterprise.ProductSetting (ProductSettingId,ProductId,ProductSettingTypeId,Value,FromDate,ThruDate) VALUES(1070,9,1002,'1','2017-06-15 13:03:41.907',NULL)
	INSERT INTO Enterprise.ProductSetting (ProductSettingId,ProductId,ProductSettingTypeId,Value,FromDate,ThruDate) VALUES(1071,10,1002,'1','2017-06-15 13:21:34.653',NULL)
	INSERT INTO Enterprise.ProductSetting (ProductSettingId,ProductId,ProductSettingTypeId,Value,FromDate,ThruDate) VALUES(1072,11,1002,'0','2017-06-15 13:24:44.793',NULL)
	INSERT INTO Enterprise.ProductSetting (ProductSettingId,ProductId,ProductSettingTypeId,Value,FromDate,ThruDate) VALUES(1073,12,1002,'1','2017-06-15 13:25:52.377',NULL)
	INSERT INTO Enterprise.ProductSetting (ProductSettingId,ProductId,ProductSettingTypeId,Value,FromDate,ThruDate) VALUES(1074,13,1002,'1','2017-06-15 13:27:56.083',NULL)
	INSERT INTO Enterprise.ProductSetting (ProductSettingId,ProductId,ProductSettingTypeId,Value,FromDate,ThruDate) VALUES(1075,16,1002,'0','2017-06-15 13:39:54.027',NULL)
	INSERT INTO Enterprise.ProductSetting (ProductSettingId,ProductId,ProductSettingTypeId,Value,FromDate,ThruDate) VALUES(1077,17,1002,'0','2017-06-15 13:47:34.573',NULL)
	INSERT INTO Enterprise.ProductSetting (ProductSettingId,ProductId,ProductSettingTypeId,Value,FromDate,ThruDate) VALUES(1078,18,1002,'0','2017-06-15 16:26:34.293',NULL)
	INSERT INTO Enterprise.ProductSetting (ProductSettingId,ProductId,ProductSettingTypeId,Value,FromDate,ThruDate) VALUES(1172,17,1,'1','2017-06-17 14:59:35.030',NULL)
	INSERT INTO Enterprise.ProductSetting (ProductSettingId,ProductId,ProductSettingTypeId,Value,FromDate,ThruDate) VALUES(1173,14,1012,'https://realpage--RPIDEV.cs60.my.salesforce.com?so=00D3C000000H2xW','2017-06-19 07:49:22.500',NULL)
	INSERT INTO Enterprise.ProductSetting (ProductSettingId,ProductId,ProductSettingTypeId,Value,FromDate,ThruDate) VALUES(1177,15,3,'','2017-06-19 10:21:06.703',NULL)
	INSERT INTO Enterprise.ProductSetting (ProductSettingId,ProductId,ProductSettingTypeId,Value,FromDate,ThruDate) VALUES(1178,15,4,'/product/insurance','2017-06-19 10:35:22.310',NULL)
	INSERT INTO Enterprise.ProductSetting (ProductSettingId,ProductId,ProductSettingTypeId,Value,FromDate,ThruDate) VALUES(1179,15,5,'Renters Insurance','2017-06-19 10:35:22.310',NULL)
	INSERT INTO Enterprise.ProductSetting (ProductSettingId,ProductId,ProductSettingTypeId,Value,FromDate,ThruDate) VALUES(1180,15,6,'EED3BAF4-46B3-48AC-A576-43659B233BA1','2017-06-19 10:35:22.310',NULL)
	INSERT INTO Enterprise.ProductSetting (ProductSettingId,ProductId,ProductSettingTypeId,Value,FromDate,ThruDate) VALUES(1181,15,7,'1','2017-06-19 10:35:22.310',NULL)
	INSERT INTO Enterprise.ProductSetting (ProductSettingId,ProductId,ProductSettingTypeId,Value,FromDate,ThruDate) VALUES(1182,15,8,'OneSite','2017-06-19 10:35:22.310',NULL)
	INSERT INTO Enterprise.ProductSetting (ProductSettingId,ProductId,ProductSettingTypeId,Value,FromDate,ThruDate) VALUES(1183,15,1004,'https://www.realpage.com','2017-06-19 10:35:22.310',NULL)
	INSERT INTO Enterprise.ProductSetting (ProductSettingId,ProductId,ProductSettingTypeId,Value,FromDate,ThruDate) VALUES(1184,15,1002,'1','2017-06-19 10:35:22.310',NULL)
	INSERT INTO Enterprise.ProductSetting (ProductSettingId,ProductId,ProductSettingTypeId,Value,FromDate,ThruDate) VALUES(1185,17,7,'1','2017-06-19 15:53:16.827',NULL)
	INSERT INTO Enterprise.ProductSetting (ProductSettingId,ProductId,ProductSettingTypeId,Value,FromDate,ThruDate) VALUES(1186,19,4,'http://www.ezlcms-dev.com/realpage/api.aspx','2017-06-19 11:05:44.570',NULL)
	INSERT INTO Enterprise.ProductSetting (ProductSettingId,ProductId,ProductSettingTypeId,Value,FromDate,ThruDate) VALUES(1187,19,1013,'110755','2017-06-19 11:05:44.570',NULL)
	INSERT INTO Enterprise.ProductSetting (ProductSettingId,ProductId,ProductSettingTypeId,Value,FromDate,ThruDate) VALUES(1188,19,1014,'D7SSOOLZBRG4MKO3VH','2017-06-19 11:05:44.570',NULL)
	INSERT INTO Enterprise.ProductSetting (ProductSettingId,ProductId,ProductSettingTypeId,Value,FromDate,ThruDate) VALUES(1189,3,1016,'https://booksapi.realpage.com','2017-06-19 11:55:38.560',NULL)
	INSERT INTO Enterprise.ProductSetting (ProductSettingId,ProductId,ProductSettingTypeId,Value,FromDate,ThruDate) VALUES(1190,20,3,'','2017-06-19 19:44:42.160',NULL)
	INSERT INTO Enterprise.ProductSetting (ProductSettingId,ProductId,ProductSettingTypeId,Value,FromDate,ThruDate) VALUES(1191,20,4,'/product/rpdm','2017-06-19 19:44:42.160',NULL)
	INSERT INTO Enterprise.ProductSetting (ProductSettingId,ProductId,ProductSettingTypeId,Value,FromDate,ThruDate) VALUES(1192,20,5,'RealPage Document Management','2017-06-19 19:44:42.160',NULL)
	INSERT INTO Enterprise.ProductSetting (ProductSettingId,ProductId,ProductSettingTypeId,Value,FromDate,ThruDate) VALUES(1193,20,6,'A47C1C82-0EE5-490F-99E1-3C4FA0954F63','2017-06-19 19:44:42.160',NULL)
	INSERT INTO Enterprise.ProductSetting (ProductSettingId,ProductId,ProductSettingTypeId,Value,FromDate,ThruDate) VALUES(1194,20,7,'1','2017-06-19 19:44:42.160',NULL)
	INSERT INTO Enterprise.ProductSetting (ProductSettingId,ProductId,ProductSettingTypeId,Value,FromDate,ThruDate) VALUES(1195,20,8,'OneSite','2017-06-19 19:44:42.160',NULL)
	INSERT INTO Enterprise.ProductSetting (ProductSettingId,ProductId,ProductSettingTypeId,Value,FromDate,ThruDate) VALUES(1196,20,1002,'1','2017-06-19 19:44:42.160',NULL)
	INSERT INTO Enterprise.ProductSetting (ProductSettingId,ProductId,ProductSettingTypeId,Value,FromDate,ThruDate) VALUES(1197,20,1004,'https://www.realpage.com','2017-06-19 19:44:42.160',NULL)
	INSERT INTO Enterprise.ProductSetting (ProductSettingId,ProductId,ProductSettingTypeId,Value,FromDate,ThruDate) VALUES(1198,21,3,'','2017-06-19 19:51:53.970',NULL)
	INSERT INTO Enterprise.ProductSetting (ProductSettingId,ProductId,ProductSettingTypeId,Value,FromDate,ThruDate) VALUES(1199,21,4,'/product/onesiteconversions','2017-06-19 19:51:53.970',NULL)
	INSERT INTO Enterprise.ProductSetting (ProductSettingId,ProductId,ProductSettingTypeId,Value,FromDate,ThruDate) VALUES(1200,21,5,'OneSite Conversion','2017-06-19 19:51:53.970',NULL)
	INSERT INTO Enterprise.ProductSetting (ProductSettingId,ProductId,ProductSettingTypeId,Value,FromDate,ThruDate) VALUES(1201,21,6,'8E3A16DA-D93E-4787-99C9-3123C878ACA7','2017-06-19 19:51:53.970',NULL)
	INSERT INTO Enterprise.ProductSetting (ProductSettingId,ProductId,ProductSettingTypeId,Value,FromDate,ThruDate) VALUES(1202,21,7,'1','2017-06-19 19:51:53.970',NULL)
	INSERT INTO Enterprise.ProductSetting (ProductSettingId,ProductId,ProductSettingTypeId,Value,FromDate,ThruDate) VALUES(1203,21,8,'OneSite','2017-06-19 19:51:53.970',NULL)
	INSERT INTO Enterprise.ProductSetting (ProductSettingId,ProductId,ProductSettingTypeId,Value,FromDate,ThruDate) VALUES(1204,21,1002,'1','2017-06-19 19:51:53.970',NULL)
	INSERT INTO Enterprise.ProductSetting (ProductSettingId,ProductId,ProductSettingTypeId,Value,FromDate,ThruDate) VALUES(1205,21,1004,'https://www.realpage.com','2017-06-19 19:51:53.970',NULL)
	INSERT INTO Enterprise.ProductSetting (ProductSettingId,ProductId,ProductSettingTypeId,Value,FromDate,ThruDate) VALUES(1206,21,1001,'1','2017-06-20 21:58:38.973',NULL)
	INSERT INTO Enterprise.ProductSetting (ProductSettingId,ProductId,ProductSettingTypeId,Value,FromDate,ThruDate) VALUES(1207,8,1005,'https://accountingocr.onesite.realpage.com/ia/xml/soapapi.phtml','2017-06-21 18:22:15.310',NULL)
	INSERT INTO Enterprise.ProductSetting (ProductSettingId,ProductId,ProductSettingTypeId,Value,FromDate,ThruDate) VALUES(1208,8,1017,'b25lc2l0ZQ==','2017-06-21 18:22:51.813',NULL)
	INSERT INTO Enterprise.ProductSetting (ProductSettingId,ProductId,ProductSettingTypeId,Value,FromDate,ThruDate) VALUES(1209,8,1018,'b25lc2l0ZTExMTE=','2017-06-21 18:22:59.547',NULL)
	INSERT INTO Enterprise.ProductSetting (ProductSettingId,ProductId,ProductSettingTypeId,Value,FromDate,ThruDate) VALUES(1210,8,1010,'ZW1wb3dlcmlk','2017-06-21 18:52:17.473',NULL)
	INSERT INTO Enterprise.ProductSetting (ProductSettingId,ProductId,ProductSettingTypeId,Value,FromDate,ThruDate) VALUES(1211,8,1011,'MyVeI1hBUSFAIyRGRyUjMQ==','2017-06-21 18:52:41.693',NULL)
	INSERT INTO Enterprise.ProductSetting (ProductSettingId,ProductId,ProductSettingTypeId,Value,FromDate,ThruDate) VALUES(1212,9,1005,'https://api.pv1.myleasestar.com','2017-06-28 07:47:40.413',NULL)
	INSERT INTO Enterprise.ProductSetting (ProductSettingId,ProductId,ProductSettingTypeId,Value,FromDate,ThruDate) VALUES(1213,9,1010,'c21hcnRhbGVydEByZWFscGFnZS5jb20=','2017-06-29 19:53:31.293',NULL)
	INSERT INTO Enterprise.ProductSetting (ProductSettingId,ProductId,ProductSettingTypeId,Value,FromDate,ThruDate) VALUES(1214,9,1011,'U21hcnRpZTEyIQ==','2017-06-29 19:53:31.293',NULL)
	INSERT INTO Enterprise.ProductSetting (ProductSettingId,ProductId,ProductSettingTypeId,Value,FromDate,ThruDate) VALUES(1217,18,1004,'https://www.realpage.com','2017-06-30 11:19:24.520',NULL)
	INSERT INTO Enterprise.ProductSetting (ProductSettingId,ProductId,ProductSettingTypeId,Value,FromDate,ThruDate) VALUES(1218,1,1019,'0','2017-06-30 13:15:48.887',NULL)
	INSERT INTO Enterprise.ProductSetting (ProductSettingId,ProductId,ProductSettingTypeId,Value,FromDate,ThruDate) VALUES(1219,4,1019,'0','2017-06-30 15:53:02.247',NULL)
	INSERT INTO Enterprise.ProductSetting (ProductSettingId,ProductId,ProductSettingTypeId,Value,FromDate,ThruDate) VALUES(1221,13,1005,'https://api.pv1.myleasestar.com','2017-07-03 15:40:26.167',NULL)
	INSERT INTO Enterprise.ProductSetting (ProductSettingId,ProductId,ProductSettingTypeId,Value,FromDate,ThruDate) VALUES(1222,13,1014,'MzlkMTcwY2Y1YzI5NzRjZTZiYmJhNjFiMzNlNTM4MWM=','2017-07-03 15:40:26.167',NULL)
	INSERT INTO Enterprise.ProductSetting (ProductSettingId,ProductId,ProductSettingTypeId,Value,FromDate,ThruDate) VALUES(1240,1,1019,	8,	'2017-07-06 19:23:22.917',	NULL)
	INSERT INTO Enterprise.ProductSetting (ProductSettingId,ProductId,ProductSettingTypeId,Value,FromDate,ThruDate) VALUES(1241,1,1020,	0,	'2017-07-06 19:36:46.427',	NULL)
	SET IDENTITY_INSERT Enterprise.ProductSetting OFF

	--IF @@SERVERNAME = 'RCDUSODBSQL001.CORP.REALPAGE.COM' AND DB_NAME() = 'IdentityDevelopment'
	
		SET IDENTITY_INSERT Ident.SamlProductSettings ON
		INSERT INTO Ident.SamlProductSettings(SamlProductSettingsId, ProductId, LoginUri, SigningCertificateThumbprint, SubjectIdSamlAttribute)
		VALUES(1, 1, 'https://lm-10-22-161-25.onesitedev.realpage.com/LogonSvc/GBSAML/acs.aspx', 'EF26FEC08C554976572E8A9767DDA437AC452CF6', 'productUsername')
		INSERT INTO Ident.SamlProductSettings(SamlProductSettingsId, ProductId, LoginUri, SigningCertificateThumbprint, SubjectIdSamlAttribute)
		VALUES(2, 4, 'http://4L8VL12-LT1.Corp.realpage.com:8080/ysconfig/sso/unified', 'EF26FEC08C554976572E8A9767DDA437AC452CF6', 'productUsername')
		INSERT INTO Ident.SamlProductSettings(SamlProductSettingsId, ProductId, LoginUri, SigningCertificateThumbprint, SubjectIdSamlAttribute)
		VALUES(3, 5, 'https://app.propertyware.com/pw/sso.do', '84261F7F479937B69FB25C1C11D7CFCBBF638020', 'productUsername')
		INSERT INTO Ident.SamlProductSettings(SamlProductSettingsId, ProductId, LoginUri, SigningCertificateThumbprint, SubjectIdSamlAttribute)
		VALUES(4, 6, 'http://preprod.lead2lease.com/RealpageSSO/L2LSAML_Assertion.aspx', 'E30F7625D160B57CE3ED94E49FEDBFE178C80DC4', 'productUsername')
		INSERT INTO Ident.SamlProductSettings(SamlProductSettingsId, ProductId, LoginUri, SigningCertificateThumbprint, SubjectIdSamlAttribute)
		VALUES(5, 7, 'https://sso.mpfyieldstar.com/rms/ws/sso/login', 'F696430FDDA0136D4DD27379B9C5F400344D6C26', 'productUsername')
		INSERT INTO Ident.SamlProductSettings(SamlProductSettingsId, ProductId, LoginUri, SigningCertificateThumbprint, SubjectIdSamlAttribute)
		VALUES(6, 8, 'https://rpidevntw008.realpage.com/users/nshukla/RP-FEB-17-B-HB/acct/sso_response.phtml', '84261F7F479937B69FB25C1C11D7CFCBBF638020', 'productUsername')
		INSERT INTO Ident.SamlProductSettings(SamlProductSettingsId, ProductId, LoginUri, SigningCertificateThumbprint, SubjectIdSamlAttribute)
		VALUES(7, 9, 'http://mc.pv1.myleasestar.com/saml/handle/book/authentication', '0BE4C7B686D1918A4B2B571E8BF098B994990CAB', 'productUsername')
		INSERT INTO Ident.SamlProductSettings(SamlProductSettingsId, ProductId, LoginUri, SigningCertificateThumbprint, SubjectIdSamlAttribute)
		VALUES(8, 10, 'http://jwilliams2-w10/greenbooklogin.aspx', 'EF26FEC08C554976572E8A9767DDA437AC452CF6', 'productUsername')
		INSERT INTO Ident.SamlProductSettings(SamlProductSettingsId, ProductId, LoginUri, SigningCertificateThumbprint, SubjectIdSamlAttribute)
		VALUES(9, 11, 'https://www.leasestarsocial.com/session', 'E30F7625D160B57CE3ED94E49FEDBFE178C80DC4', 'productUsername')
		INSERT INTO Ident.SamlProductSettings(SamlProductSettingsId, ProductId, LoginUri, SigningCertificateThumbprint, SubjectIdSamlAttribute)
		VALUES(10, 12, 'https://opsbid.opstechnology.com/index.php?c=saml&m=login', 'E30F7625D160B57CE3ED94E49FEDBFE178C80DC4', 'productUsername')
		INSERT INTO Ident.SamlProductSettings(SamlProductSettingsId, ProductId, LoginUri, SigningCertificateThumbprint, SubjectIdSamlAttribute)
		VALUES(11, 13, 'https://market.opstechnology.com/index.php?apiname=authsaml', 'E30F7625D160B57CE3ED94E49FEDBFE178C80DC4', 'UserId')
		INSERT INTO Ident.SamlProductSettings(SamlProductSettingsId, ProductId, LoginUri, SigningCertificateThumbprint, SubjectIdSamlAttribute)
		VALUES(12, 14, 'https://realpage--RPIDEV.cs60.my.salesforce.com?so=00D3C000000H2xW', 'EF26FEC08C554976572E8A9767DDA437AC452CF6', 'productUsername')
		INSERT INTO Ident.SamlProductSettings(SamlProductSettingsId, ProductId, LoginUri, SigningCertificateThumbprint, SubjectIdSamlAttribute)
		VALUES(1001, 19, 'https://www.clientaccess.leasingdesk.realpage.com/acs.aspx', 'E30F7625D160B57CE3ED94E49FEDBFE178C80DC4', 'productUsername')
		INSERT INTO Ident.SamlProductSettings(SamlProductSettingsId, ProductId, LoginUri, SigningCertificateThumbprint, SubjectIdSamlAttribute)
		VALUES(1006, 16, 'http://rcdcdpww001.onesitedev.realpage.com/webapp/acs.aspx', 'EF26FEC08C554976572E8A9767DDA437AC452CF6', 'UserId')
		INSERT INTO Ident.SamlProductSettings(SamlProductSettingsId, ProductId, LoginUri, SigningCertificateThumbprint, SubjectIdSamlAttribute)
		VALUES(1007, 17, 'http://ignoreme.dead', 'EF26FEC08C554976572E8A9767DDA437AC452CF6', 'productUsername')
		INSERT INTO Ident.SamlProductSettings(SamlProductSettingsId, ProductId, LoginUri, SigningCertificateThumbprint, SubjectIdSamlAttribute)
		VALUES(1009, 18, 'https://umdev.realpage.com/Pages/RPLogin.aspx', 'NA', 'productUsername')
		INSERT INTO Ident.SamlProductSettings(SamlProductSettingsId, ProductId, LoginUri, SigningCertificateThumbprint, SubjectIdSamlAttribute)
		VALUES(1010, 15, 'https://www.clientaccess.leasingdesk.realpage.com/acs.aspx', 'E30F7625D160B57CE3ED94E49FEDBFE178C80DC4', 'productUsername')
		INSERT INTO Ident.SamlProductSettings(SamlProductSettingsId, ProductId, LoginUri, SigningCertificateThumbprint, SubjectIdSamlAttribute)
		VALUES(1011, 20, 'https://testing.idoc.realpage.com/acs.aspx', 'EF26FEC08C554976572E8A9767DDA437AC452CF6', 'productUsername')
		INSERT INTO Ident.SamlProductSettings(SamlProductSettingsId, ProductId, LoginUri, SigningCertificateThumbprint, SubjectIdSamlAttribute)
		VALUES(1012, 21, 'http://10.22.160.174/convapp/acs.aspx', 'EF26FEC08C554976572E8A9767DDA437AC452CF6', 'productUsername')
		SET IDENTITY_INSERT Ident.SamlProductSettings OFF
	
	/*
	IF @@SERVERNAME = 'RCDUSODBSQL001.CORP.REALPAGE.COM' AND DB_NAME() = 'Identity'
	BEGIN
	SET IDENTITY_INSERT Ident.SamlProductSettings ON
	INSERT INTO Ident.SamlProductSettings(SamlProductSettingsId, ProductId, LoginUri, SigningCertificateThumbprint, SubjectIdSamlAttribute)   VALUES(1, 1, 'https://sat2016b.sat.realpage.com/LogonSvc/GBSAML/', '0BE4C7B686D1918A4B2B571E8BF098B994990CAB', 'productUsername') 
	INSERT INTO Ident.SamlProductSettings(SamlProductSettingsId, ProductId, LoginUri, SigningCertificateThumbprint, SubjectIdSamlAttribute)   VALUES(2, 4, 'https://aodev.realpage.com/ysconfig/sso/login', 'E30F7625D160B57CE3ED94E49FEDBFE178C80DC4', 'productUsername') 
	INSERT INTO Ident.SamlProductSettings(SamlProductSettingsId, ProductId, LoginUri, SigningCertificateThumbprint, SubjectIdSamlAttribute)   VALUES(3, 5, 'https://app.propertyware.com/pw/sso.do', '84261F7F479937B69FB25C1C11D7CFCBBF638020', 'productUsername') 
	INSERT INTO Ident.SamlProductSettings(SamlProductSettingsId, ProductId, LoginUri, SigningCertificateThumbprint, SubjectIdSamlAttribute)   VALUES(4, 6, 'https://preprod.lead2lease.com/api/v1/Users/SAMLAs', '5357F3B84E302A9871B71CD037819A42688C1C64', 'productUsername') 
	INSERT INTO Ident.SamlProductSettings(SamlProductSettingsId, ProductId, LoginUri, SigningCertificateThumbprint, SubjectIdSamlAttribute)   VALUES(5, 7, 'https://sso.mpfyieldstar.com/rms/ws/sso/login', 'F696430FDDA0136D4DD27379B9C5F400344D6C26', 'productUsername') 
	INSERT INTO Ident.SamlProductSettings(SamlProductSettingsId, ProductId, LoginUri, SigningCertificateThumbprint, SubjectIdSamlAttribute)   VALUES(6, 8, 'https://rpidevntw008.realpage.com/users/nshukla/RP', '84261F7F479937B69FB25C1C11D7CFCBBF638020', 'productUsername') 
	INSERT INTO Ident.SamlProductSettings(SamlProductSettingsId, ProductId, LoginUri, SigningCertificateThumbprint, SubjectIdSamlAttribute)   VALUES(7, 9, 'http://mc.pv1.myleasestar.com/saml/handle/book/aut', '0BE4C7B686D1918A4B2B571E8BF098B994990CAB', 'productUsername') 
	INSERT INTO Ident.SamlProductSettings(SamlProductSettingsId, ProductId, LoginUri, SigningCertificateThumbprint, SubjectIdSamlAttribute)   VALUES(8, 10, 'https://www.levelone.com/Portal/EmpowerIDLogin.asp', 'E30F7625D160B57CE3ED94E49FEDBFE178C80DC4', 'productUsername') 
	INSERT INTO Ident.SamlProductSettings(SamlProductSettingsId, ProductId, LoginUri, SigningCertificateThumbprint, SubjectIdSamlAttribute)   VALUES(9, 11, 'https://www.leasestarsocial.com/session', 'E30F7625D160B57CE3ED94E49FEDBFE178C80DC4', 'productUsername') 
	INSERT INTO Ident.SamlProductSettings(SamlProductSettingsId, ProductId, LoginUri, SigningCertificateThumbprint, SubjectIdSamlAttribute)   VALUES(10, 12, 'https://opsbid.opstechnology.com/index.php?c=saml&', 'E30F7625D160B57CE3ED94E49FEDBFE178C80DC4', 'productUsername') 
	INSERT INTO Ident.SamlProductSettings(SamlProductSettingsId, ProductId, LoginUri, SigningCertificateThumbprint, SubjectIdSamlAttribute)   VALUES(11, 13, 'https://market.opstechnology.com/index.php?apiname', 'E30F7625D160B57CE3ED94E49FEDBFE178C80DC4', 'UserId') 
	INSERT INTO Ident.SamlProductSettings(SamlProductSettingsId, ProductId, LoginUri, SigningCertificateThumbprint, SubjectIdSamlAttribute)   VALUES(12, 14, 'https://realpage.my.salesforce.com?so=00D00000000h', 'E30F7625D160B57CE3ED94E49FEDBFE178C80DC4', 'productUsername') 
	INSERT INTO Ident.SamlProductSettings(SamlProductSettingsId, ProductId, LoginUri, SigningCertificateThumbprint, SubjectIdSamlAttribute)   VALUES(1001, 19, 'https://www.clientaccess.leasingdesk.realpage.com/', 'E30F7625D160B57CE3ED94E49FEDBFE178C80DC4', 'productUsername') 
	INSERT INTO Ident.SamlProductSettings(SamlProductSettingsId, ProductId, LoginUri, SigningCertificateThumbprint, SubjectIdSamlAttribute)   VALUES(1006, 16, 'http://rcdcdpww001.onesitedev.realpage.com/webapp/', 'EF26FEC08C554976572E8A9767DDA437AC452CF6', 'UserId') 
	INSERT INTO Ident.SamlProductSettings(SamlProductSettingsId, ProductId, LoginUri, SigningCertificateThumbprint, SubjectIdSamlAttribute)   VALUES(1007, 17, 'http://login.dev.ab/sso/login', 'EF26FEC08C554976572E8A9767DDA437AC452CF6', 'productUsername') 
	INSERT INTO Ident.SamlProductSettings(SamlProductSettingsId, ProductId, LoginUri, SigningCertificateThumbprint, SubjectIdSamlAttribute)   VALUES(1009, 18, 'https://umdev.realpage.com/Pages/RPLogin.aspx', 'NA', 'productUsername') 
	INSERT INTO Ident.SamlProductSettings(SamlProductSettingsId, ProductId, LoginUri, SigningCertificateThumbprint, SubjectIdSamlAttribute)   VALUES(1010, 15, 'https://www.clientaccess.leasingdesk.realpage.com/', 'E30F7625D160B57CE3ED94E49FEDBFE178C80DC4', 'productUsername') 
	INSERT INTO Ident.SamlProductSettings(SamlProductSettingsId, ProductId, LoginUri, SigningCertificateThumbprint, SubjectIdSamlAttribute)   VALUES(1011, 20, 'http://testing.idoc.realpage.com/sso/login', 'EF26FEC08C554976572E8A9767DDA437AC452CF6', 'productUsername') 
	INSERT INTO Ident.SamlProductSettings(SamlProductSettingsId, ProductId, LoginUri, SigningCertificateThumbprint, SubjectIdSamlAttribute)   VALUES(1012, 21, 'https://conversions.onesitedev.realpage.com/conver', 'EF26FEC08C554976572E8A9767DDA437AC452CF6', 'productUsername') 
	SET IDENTITY_INSERT Ident.SamlProductSettings OFF
	END
	*/

	SET IDENTITY_INSERT Ident.SamlAttributeStatement ON
	INSERT INTO Ident.SamlAttributeStatement(SamlAttributeStatementId, ProductId, SamlAttributeId)
	VALUES(1, 1, 1)
	INSERT INTO Ident.SamlAttributeStatement(SamlAttributeStatementId, ProductId, SamlAttributeId)
	VALUES(2, 1, 2)
	INSERT INTO Ident.SamlAttributeStatement(SamlAttributeStatementId, ProductId, SamlAttributeId)
	VALUES(3, 1, 3)
	INSERT INTO Ident.SamlAttributeStatement(SamlAttributeStatementId, ProductId, SamlAttributeId)
	VALUES(4, 1, 4)
	INSERT INTO Ident.SamlAttributeStatement(SamlAttributeStatementId, ProductId, SamlAttributeId)
	VALUES(5, 1, 5)
	INSERT INTO Ident.SamlAttributeStatement(SamlAttributeStatementId, ProductId, SamlAttributeId)
	VALUES(6, 4, 1)
	INSERT INTO Ident.SamlAttributeStatement(SamlAttributeStatementId, ProductId, SamlAttributeId)
	VALUES(7, 4, 2)
	INSERT INTO Ident.SamlAttributeStatement(SamlAttributeStatementId, ProductId, SamlAttributeId)
	VALUES(8, 4, 4)
	INSERT INTO Ident.SamlAttributeStatement(SamlAttributeStatementId, ProductId, SamlAttributeId)
	VALUES(9, 4, 6)
	INSERT INTO Ident.SamlAttributeStatement(SamlAttributeStatementId, ProductId, SamlAttributeId)
	VALUES(10, 5, 1)
	INSERT INTO Ident.SamlAttributeStatement(SamlAttributeStatementId, ProductId, SamlAttributeId)
	VALUES(11, 5, 4)
	INSERT INTO Ident.SamlAttributeStatement(SamlAttributeStatementId, ProductId, SamlAttributeId)
	VALUES(12, 5, 6)
	INSERT INTO Ident.SamlAttributeStatement(SamlAttributeStatementId, ProductId, SamlAttributeId)
	VALUES(13, 6, 1)
	INSERT INTO Ident.SamlAttributeStatement(SamlAttributeStatementId, ProductId, SamlAttributeId)
	VALUES(14, 6, 4)
	INSERT INTO Ident.SamlAttributeStatement(SamlAttributeStatementId, ProductId, SamlAttributeId)
	VALUES(15, 6, 5)
	INSERT INTO Ident.SamlAttributeStatement(SamlAttributeStatementId, ProductId, SamlAttributeId)
	VALUES(16, 7, 1)
	INSERT INTO Ident.SamlAttributeStatement(SamlAttributeStatementId, ProductId, SamlAttributeId)
	VALUES(17, 7, 2)
	INSERT INTO Ident.SamlAttributeStatement(SamlAttributeStatementId, ProductId, SamlAttributeId)
	VALUES(18, 7, 4)
	INSERT INTO Ident.SamlAttributeStatement(SamlAttributeStatementId, ProductId, SamlAttributeId)
	VALUES(19, 7, 6)
	INSERT INTO Ident.SamlAttributeStatement(SamlAttributeStatementId, ProductId, SamlAttributeId)
	VALUES(20, 8, 1)
	INSERT INTO Ident.SamlAttributeStatement(SamlAttributeStatementId, ProductId, SamlAttributeId)
	VALUES(21, 8, 4)
	INSERT INTO Ident.SamlAttributeStatement(SamlAttributeStatementId, ProductId, SamlAttributeId)
	VALUES(22, 8, 6)
	INSERT INTO Ident.SamlAttributeStatement(SamlAttributeStatementId, ProductId, SamlAttributeId)
	VALUES(23, 8, 7)
	INSERT INTO Ident.SamlAttributeStatement(SamlAttributeStatementId, ProductId, SamlAttributeId)
	VALUES(24, 8, 8)
	INSERT INTO Ident.SamlAttributeStatement(SamlAttributeStatementId, ProductId, SamlAttributeId)
	VALUES(25, 8, 9)
	INSERT INTO Ident.SamlAttributeStatement(SamlAttributeStatementId, ProductId, SamlAttributeId)
	VALUES(26, 9, 1)
	INSERT INTO Ident.SamlAttributeStatement(SamlAttributeStatementId, ProductId, SamlAttributeId)
	VALUES(27, 9, 3)
	INSERT INTO Ident.SamlAttributeStatement(SamlAttributeStatementId, ProductId, SamlAttributeId)
	VALUES(28, 9, 6)
	INSERT INTO Ident.SamlAttributeStatement(SamlAttributeStatementId, ProductId, SamlAttributeId)
	VALUES(29, 10, 1)
	INSERT INTO Ident.SamlAttributeStatement(SamlAttributeStatementId, ProductId, SamlAttributeId)
	VALUES(30, 10, 4)
	INSERT INTO Ident.SamlAttributeStatement(SamlAttributeStatementId, ProductId, SamlAttributeId)
	VALUES(31, 10, 5)
	INSERT INTO Ident.SamlAttributeStatement(SamlAttributeStatementId, ProductId, SamlAttributeId)
	VALUES(32, 11, 1)
	INSERT INTO Ident.SamlAttributeStatement(SamlAttributeStatementId, ProductId, SamlAttributeId)
	VALUES(33, 11, 2)
	INSERT INTO Ident.SamlAttributeStatement(SamlAttributeStatementId, ProductId, SamlAttributeId)
	VALUES(34, 11, 4)
	INSERT INTO Ident.SamlAttributeStatement(SamlAttributeStatementId, ProductId, SamlAttributeId)
	VALUES(35, 11, 6)
	INSERT INTO Ident.SamlAttributeStatement(SamlAttributeStatementId, ProductId, SamlAttributeId)
	VALUES(36, 12, 1)
	INSERT INTO Ident.SamlAttributeStatement(SamlAttributeStatementId, ProductId, SamlAttributeId)
	VALUES(37, 12, 2)
	INSERT INTO Ident.SamlAttributeStatement(SamlAttributeStatementId, ProductId, SamlAttributeId)
	VALUES(38, 12, 4)
	INSERT INTO Ident.SamlAttributeStatement(SamlAttributeStatementId, ProductId, SamlAttributeId)
	VALUES(39, 12, 6)
	INSERT INTO Ident.SamlAttributeStatement(SamlAttributeStatementId, ProductId, SamlAttributeId)
	VALUES(40, 13, 1)
	INSERT INTO Ident.SamlAttributeStatement(SamlAttributeStatementId, ProductId, SamlAttributeId)
	VALUES(41, 13, 2)
	INSERT INTO Ident.SamlAttributeStatement(SamlAttributeStatementId, ProductId, SamlAttributeId)
	VALUES(42, 13, 4)
	INSERT INTO Ident.SamlAttributeStatement(SamlAttributeStatementId, ProductId, SamlAttributeId)
	VALUES(43, 13, 6)
	INSERT INTO Ident.SamlAttributeStatement(SamlAttributeStatementId, ProductId, SamlAttributeId)
	VALUES(44, 14, 1)
	INSERT INTO Ident.SamlAttributeStatement(SamlAttributeStatementId, ProductId, SamlAttributeId)
	VALUES(45, 14, 10)
	INSERT INTO Ident.SamlAttributeStatement(SamlAttributeStatementId, ProductId, SamlAttributeId)
	VALUES(46, 14, 11)
	INSERT INTO Ident.SamlAttributeStatement(SamlAttributeStatementId, ProductId, SamlAttributeId)
	VALUES(47, 1, 12)
	SET IDENTITY_INSERT Ident.SamlAttributeStatement OFF

	SET IDENTITY_INSERT Enterprise.PartyRelationship ON
	INSERT INTO Enterprise.PartyRelationship (PartyRelationshipId,PartyIdFrom,PartyIdTo,RoleTypeIdFrom,RoleTypeIdTo,PartyRelationshipTypeId,FromDate,ThruDate) VALUES(31,33,3,331,203,32,'2017-05-22 13:57:56.757',NULL)
	INSERT INTO Enterprise.PartyRelationship (PartyRelationshipId,PartyIdFrom,PartyIdTo,RoleTypeIdFrom,RoleTypeIdTo,PartyRelationshipTypeId,FromDate,ThruDate) VALUES(39,36,3,331,203,32,'2017-05-22 16:30:54.783',NULL)
	SET IDENTITY_INSERT Enterprise.PartyRelationship OFF

	--SET IDENTITY_INSERT Enterprise.StatusTypeCategoryClassification ON
	--INSERT INTO Enterprise.StatusTypeCategoryClassification (StatusTypeCategoryClassificationId,StatusTypeId,StatusTypeCategoryId,FromDate,ThruDate) VALUES(1,1,1,'2017-03-16 19:21:17.863',NULL)
	--INSERT INTO Enterprise.StatusTypeCategoryClassification (StatusTypeCategoryClassificationId,StatusTypeId,StatusTypeCategoryId,FromDate,ThruDate) VALUES(2,2,1,'2017-03-16 19:21:17.863',NULL)
	--INSERT INTO Enterprise.StatusTypeCategoryClassification (StatusTypeCategoryClassificationId,StatusTypeId,StatusTypeCategoryId,FromDate,ThruDate) VALUES(3,3,1,'2017-03-16 19:21:17.863',NULL)
	--INSERT INTO Enterprise.StatusTypeCategoryClassification (StatusTypeCategoryClassificationId,StatusTypeId,StatusTypeCategoryId,FromDate,ThruDate) VALUES(4,4,1,'2017-03-16 19:21:17.863',NULL)
	--SET IDENTITY_INSERT Enterprise.StatusTypeCategoryClassification OFF

	SET IDENTITY_INSERT Enterprise.GlobalProductConfiguration ON
	INSERT INTO Enterprise.GlobalProductConfiguration (GlobalProductConfigurationId,ConfigurationId,ProductId,FromDate,ThruDate) VALUES(44, 78, 1, 'Jun 23 2017  7:44PM', NULL)
	INSERT INTO Enterprise.GlobalProductConfiguration (GlobalProductConfigurationId,ConfigurationId,ProductId,FromDate,ThruDate) VALUES(45, 79, 2, 'Jun 23 2017  7:46PM', NULL)
	INSERT INTO Enterprise.GlobalProductConfiguration (GlobalProductConfigurationId,ConfigurationId,ProductId,FromDate,ThruDate) VALUES(46, 80, 3, 'Jun 23 2017  7:47PM', NULL)
	INSERT INTO Enterprise.GlobalProductConfiguration (GlobalProductConfigurationId,ConfigurationId,ProductId,FromDate,ThruDate) VALUES(47, 81, 4, 'Jun 23 2017  8:06PM', NULL)
	INSERT INTO Enterprise.GlobalProductConfiguration (GlobalProductConfigurationId,ConfigurationId,ProductId,FromDate,ThruDate) VALUES(48, 82, 5, 'Jun 23 2017  8:11PM', NULL)
	INSERT INTO Enterprise.GlobalProductConfiguration (GlobalProductConfigurationId,ConfigurationId,ProductId,FromDate,ThruDate) VALUES(49, 83, 6, 'Jun 23 2017  8:12PM', NULL)
	INSERT INTO Enterprise.GlobalProductConfiguration (GlobalProductConfigurationId,ConfigurationId,ProductId,FromDate,ThruDate) VALUES(50, 84, 7, 'Jun 23 2017  8:12PM', NULL)
	INSERT INTO Enterprise.GlobalProductConfiguration (GlobalProductConfigurationId,ConfigurationId,ProductId,FromDate,ThruDate) VALUES(52, 86, 8, 'Jun 23 2017  8:27PM', NULL)
	INSERT INTO Enterprise.GlobalProductConfiguration (GlobalProductConfigurationId,ConfigurationId,ProductId,FromDate,ThruDate) VALUES(54, 88, 10, 'Jun 23 2017  8:39PM', NULL)
	INSERT INTO Enterprise.GlobalProductConfiguration (GlobalProductConfigurationId,ConfigurationId,ProductId,FromDate,ThruDate) VALUES(55, 89, 11, 'Jun 23 2017  8:42PM', NULL)
	INSERT INTO Enterprise.GlobalProductConfiguration (GlobalProductConfigurationId,ConfigurationId,ProductId,FromDate,ThruDate) VALUES(56, 90, 12, 'Jun 23 2017  8:43PM', NULL)
	INSERT INTO Enterprise.GlobalProductConfiguration (GlobalProductConfigurationId,ConfigurationId,ProductId,FromDate,ThruDate) VALUES(57, 91, 13, 'Jun 23 2017  8:44PM', NULL)
	INSERT INTO Enterprise.GlobalProductConfiguration (GlobalProductConfigurationId,ConfigurationId,ProductId,FromDate,ThruDate) VALUES(58, 92, 14, 'Jun 23 2017  8:46PM', NULL)
	INSERT INTO Enterprise.GlobalProductConfiguration (GlobalProductConfigurationId,ConfigurationId,ProductId,FromDate,ThruDate) VALUES(59, 93, 15, 'Jun 23 2017  8:48PM', NULL)
	INSERT INTO Enterprise.GlobalProductConfiguration (GlobalProductConfigurationId,ConfigurationId,ProductId,FromDate,ThruDate) VALUES(60, 94, 16, 'Jun 23 2017  8:49PM', NULL)
	INSERT INTO Enterprise.GlobalProductConfiguration (GlobalProductConfigurationId,ConfigurationId,ProductId,FromDate,ThruDate) VALUES(61, 95, 17, 'Jun 23 2017  8:50PM', NULL)
	INSERT INTO Enterprise.GlobalProductConfiguration (GlobalProductConfigurationId,ConfigurationId,ProductId,FromDate,ThruDate) VALUES(62, 96, 18, 'Jun 23 2017  8:51PM', NULL)
	INSERT INTO Enterprise.GlobalProductConfiguration (GlobalProductConfigurationId,ConfigurationId,ProductId,FromDate,ThruDate) VALUES(63, 97, 19, 'Jun 23 2017  8:52PM', NULL)
	INSERT INTO Enterprise.GlobalProductConfiguration (GlobalProductConfigurationId,ConfigurationId,ProductId,FromDate,ThruDate) VALUES(64, 98, 20, 'Jun 23 2017  8:53PM', NULL)
	INSERT INTO Enterprise.GlobalProductConfiguration (GlobalProductConfigurationId,ConfigurationId,ProductId,FromDate,ThruDate) VALUES(65, 99, 21, 'Jun 23 2017  8:54PM', NULL)
	INSERT INTO Enterprise.GlobalProductConfiguration (GlobalProductConfigurationId,ConfigurationId,ProductId,FromDate,ThruDate) VALUES(67, 110, 9, 'Jun 29 2017  3:28PM', NULL)
	SET IDENTITY_INSERT Enterprise.GlobalProductConfiguration OFF

	SET IDENTITY_INSERT Enterprise.OrganizationProduct ON
	INSERT INTO Enterprise.OrganizationProduct (OrganizationProductId,PartyId,ConfigurationId,ProductId,FromDate,ThruDate) VALUES(2,3,4,1,'2017-05-23 00:00:00.000',NULL)
	INSERT INTO Enterprise.OrganizationProduct (OrganizationProductId,PartyId,ConfigurationId,ProductId,FromDate,ThruDate) VALUES(19,3,6,3,'2017-05-23 00:00:00.000',NULL)
	INSERT INTO Enterprise.OrganizationProduct (OrganizationProductId,PartyId,ConfigurationId,ProductId,FromDate,ThruDate) VALUES(20,3,7,4,'2017-05-23 00:00:00.000',NULL)
	INSERT INTO Enterprise.OrganizationProduct (OrganizationProductId,PartyId,ConfigurationId,ProductId,FromDate,ThruDate) VALUES(22,3,9,6,'2017-05-15 00:00:00.000',NULL)
	INSERT INTO Enterprise.OrganizationProduct (OrganizationProductId,PartyId,ConfigurationId,ProductId,FromDate,ThruDate) VALUES(23,3,10,7,'2017-05-24 21:17:25.020',NULL)
	INSERT INTO Enterprise.OrganizationProduct (OrganizationProductId,PartyId,ConfigurationId,ProductId,FromDate,ThruDate) VALUES(25,3,12,9,'2017-05-24 21:18:13.190',NULL)
	INSERT INTO Enterprise.OrganizationProduct (OrganizationProductId,PartyId,ConfigurationId,ProductId,FromDate,ThruDate) VALUES(35,3,86,8,'2017-06-23 20:34:17.957',NULL)
	INSERT INTO Enterprise.OrganizationProduct (OrganizationProductId,PartyId,ConfigurationId,ProductId,FromDate,ThruDate) VALUES(38,3,88,10,'2017-06-23 20:39:59.480',NULL)
	INSERT INTO Enterprise.OrganizationProduct (OrganizationProductId,PartyId,ConfigurationId,ProductId,FromDate,ThruDate) VALUES(39,3,89,11,'2017-06-23 20:42:37.427',NULL)
	INSERT INTO Enterprise.OrganizationProduct (OrganizationProductId,PartyId,ConfigurationId,ProductId,FromDate,ThruDate) VALUES(40,3,91,13,'2017-06-23 20:44:52.383',NULL)
	INSERT INTO Enterprise.OrganizationProduct (OrganizationProductId,PartyId,ConfigurationId,ProductId,FromDate,ThruDate) VALUES(41,3,92,14,'2017-06-23 20:47:08.273',NULL)
	INSERT INTO Enterprise.OrganizationProduct (OrganizationProductId,PartyId,ConfigurationId,ProductId,FromDate,ThruDate) VALUES(42,3,93,15,'2017-06-23 20:48:53.707',NULL)
	INSERT INTO Enterprise.OrganizationProduct (OrganizationProductId,PartyId,ConfigurationId,ProductId,FromDate,ThruDate) VALUES(43,3,94,16,'2017-06-23 20:50:03.587',NULL)
	INSERT INTO Enterprise.OrganizationProduct (OrganizationProductId,PartyId,ConfigurationId,ProductId,FromDate,ThruDate) VALUES(44,3,95,17,'2017-06-23 20:50:52.607',NULL)
	INSERT INTO Enterprise.OrganizationProduct (OrganizationProductId,PartyId,ConfigurationId,ProductId,FromDate,ThruDate) VALUES(45,3,96,18,'2017-06-23 20:52:14.077',NULL)
	SET IDENTITY_INSERT Enterprise.OrganizationProduct OFF

	SET IDENTITY_INSERT Enterprise.ProductConfiguration ON
	INSERT INTO Enterprise.ProductConfiguration (ProductConfigurationId,ConfigurationId,ProductSettingId,FromDate,ThruDate) VALUES(130,4,1,'2017-06-12 00:00:00.000',NULL)
	INSERT INTO Enterprise.ProductConfiguration (ProductConfigurationId,ConfigurationId,ProductSettingId,FromDate,ThruDate) VALUES(16,4,4,'2017-05-31 22:33:01.387',NULL)
	INSERT INTO Enterprise.ProductConfiguration (ProductConfigurationId,ConfigurationId,ProductSettingId,FromDate,ThruDate) VALUES(131,4,2,'2017-06-12 00:00:00.000',NULL)
	INSERT INTO Enterprise.ProductConfiguration (ProductConfigurationId,ConfigurationId,ProductSettingId,FromDate,ThruDate) VALUES(132,4,5,'2017-06-14 15:40:42.853',NULL)
	INSERT INTO Enterprise.ProductConfiguration (ProductConfigurationId,ConfigurationId,ProductSettingId,FromDate,ThruDate) VALUES(133,4,6,'2017-06-14 15:41:59.573',NULL)
	INSERT INTO Enterprise.ProductConfiguration (ProductConfigurationId,ConfigurationId,ProductSettingId,FromDate,ThruDate) VALUES(136,4,1018,'2017-06-14 15:45:45.960',NULL)
	INSERT INTO Enterprise.ProductConfiguration (ProductConfigurationId,ConfigurationId,ProductSettingId,FromDate,ThruDate) VALUES(140,4,1021,'2017-06-14 15:47:44.410',NULL)
	INSERT INTO Enterprise.ProductConfiguration (ProductConfigurationId,ConfigurationId,ProductSettingId,FromDate,ThruDate) VALUES(149,6,15,'2017-06-14 15:53:51.190',NULL)
	INSERT INTO Enterprise.ProductConfiguration (ProductConfigurationId,ConfigurationId,ProductSettingId,FromDate,ThruDate) VALUES(150,6,16,'2017-06-14 15:54:01.723',NULL)
	INSERT INTO Enterprise.ProductConfiguration (ProductConfigurationId,ConfigurationId,ProductSettingId,FromDate,ThruDate) VALUES(151,7,17,'2017-06-14 15:55:40.310',NULL)
	INSERT INTO Enterprise.ProductConfiguration (ProductConfigurationId,ConfigurationId,ProductSettingId,FromDate,ThruDate) VALUES(152,7,18,'2017-06-14 15:55:48.617',NULL)
	INSERT INTO Enterprise.ProductConfiguration (ProductConfigurationId,ConfigurationId,ProductSettingId,FromDate,ThruDate) VALUES(153,7,19,'2017-06-14 15:55:57.417',NULL)
	INSERT INTO Enterprise.ProductConfiguration (ProductConfigurationId,ConfigurationId,ProductSettingId,FromDate,ThruDate) VALUES(154,7,20,'2017-06-14 15:56:05.813',NULL)
	INSERT INTO Enterprise.ProductConfiguration (ProductConfigurationId,ConfigurationId,ProductSettingId,FromDate,ThruDate) VALUES(155,7,21,'2017-06-14 15:56:14.110',NULL)
	INSERT INTO Enterprise.ProductConfiguration (ProductConfigurationId,ConfigurationId,ProductSettingId,FromDate,ThruDate) VALUES(156,7,22,'2017-06-14 15:56:22.147',NULL)
	INSERT INTO Enterprise.ProductConfiguration (ProductConfigurationId,ConfigurationId,ProductSettingId,FromDate,ThruDate) VALUES(157,7,1036,'2017-06-14 15:56:36.780',NULL)
	INSERT INTO Enterprise.ProductConfiguration (ProductConfigurationId,ConfigurationId,ProductSettingId,FromDate,ThruDate) VALUES(165,9,29,'2017-06-14 16:02:55.117',NULL)
	INSERT INTO Enterprise.ProductConfiguration (ProductConfigurationId,ConfigurationId,ProductSettingId,FromDate,ThruDate) VALUES(166,9,30,'2017-06-14 16:03:04.540',NULL)
	INSERT INTO Enterprise.ProductConfiguration (ProductConfigurationId,ConfigurationId,ProductSettingId,FromDate,ThruDate) VALUES(167,9,31,'2017-06-14 16:03:13.610',NULL)
	INSERT INTO Enterprise.ProductConfiguration (ProductConfigurationId,ConfigurationId,ProductSettingId,FromDate,ThruDate) VALUES(168,9,32,'2017-06-14 16:03:25.430',NULL)
	INSERT INTO Enterprise.ProductConfiguration (ProductConfigurationId,ConfigurationId,ProductSettingId,FromDate,ThruDate) VALUES(169,9,33,'2017-06-14 16:03:33.860',NULL)
	INSERT INTO Enterprise.ProductConfiguration (ProductConfigurationId,ConfigurationId,ProductSettingId,FromDate,ThruDate) VALUES(170,9,34,'2017-06-14 16:03:42.013',NULL)
	INSERT INTO Enterprise.ProductConfiguration (ProductConfigurationId,ConfigurationId,ProductSettingId,FromDate,ThruDate) VALUES(171,9,1038,'2017-06-14 16:04:48.220',NULL)
	INSERT INTO Enterprise.ProductConfiguration (ProductConfigurationId,ConfigurationId,ProductSettingId,FromDate,ThruDate) VALUES(172,10,35,'2017-06-14 16:07:16.400',NULL)
	INSERT INTO Enterprise.ProductConfiguration (ProductConfigurationId,ConfigurationId,ProductSettingId,FromDate,ThruDate) VALUES(173,10,36,'2017-06-14 16:07:54.860',NULL)
	INSERT INTO Enterprise.ProductConfiguration (ProductConfigurationId,ConfigurationId,ProductSettingId,FromDate,ThruDate) VALUES(174,10,37,'2017-06-14 16:08:18.173',NULL)
	INSERT INTO Enterprise.ProductConfiguration (ProductConfigurationId,ConfigurationId,ProductSettingId,FromDate,ThruDate) VALUES(175,10,38,'2017-06-14 16:08:28.100',NULL)
	INSERT INTO Enterprise.ProductConfiguration (ProductConfigurationId,ConfigurationId,ProductSettingId,FromDate,ThruDate) VALUES(176,10,39,'2017-06-14 16:08:39.113',NULL)
	INSERT INTO Enterprise.ProductConfiguration (ProductConfigurationId,ConfigurationId,ProductSettingId,FromDate,ThruDate) VALUES(177,10,40,'2017-06-14 16:08:52.070',NULL)
	INSERT INTO Enterprise.ProductConfiguration (ProductConfigurationId,ConfigurationId,ProductSettingId,FromDate,ThruDate) VALUES(178,10,1039,'2017-06-14 16:09:09.170',NULL)
	INSERT INTO Enterprise.ProductConfiguration (ProductConfigurationId,ConfigurationId,ProductSettingId,FromDate,ThruDate) VALUES(179,10,1049,'2017-06-14 16:09:20.273',NULL)
	INSERT INTO Enterprise.ProductConfiguration (ProductConfigurationId,ConfigurationId,ProductSettingId,FromDate,ThruDate) VALUES(188,12,47,'2017-06-14 16:15:45.733',NULL)
	INSERT INTO Enterprise.ProductConfiguration (ProductConfigurationId,ConfigurationId,ProductSettingId,FromDate,ThruDate) VALUES(189,12,48,'2017-06-14 16:16:07.570',NULL)
	INSERT INTO Enterprise.ProductConfiguration (ProductConfigurationId,ConfigurationId,ProductSettingId,FromDate,ThruDate) VALUES(190,12,49,'2017-06-14 16:16:16.777',NULL)
	INSERT INTO Enterprise.ProductConfiguration (ProductConfigurationId,ConfigurationId,ProductSettingId,FromDate,ThruDate) VALUES(191,12,50,'2017-06-14 16:16:25.410',NULL)
	INSERT INTO Enterprise.ProductConfiguration (ProductConfigurationId,ConfigurationId,ProductSettingId,FromDate,ThruDate) VALUES(192,12,51,'2017-06-14 16:16:34.860',NULL)
	INSERT INTO Enterprise.ProductConfiguration (ProductConfigurationId,ConfigurationId,ProductSettingId,FromDate,ThruDate) VALUES(193,12,52,'2017-06-14 16:16:47.587',NULL)
	INSERT INTO Enterprise.ProductConfiguration (ProductConfigurationId,ConfigurationId,ProductSettingId,FromDate,ThruDate) VALUES(194,12,1041,'2017-06-14 16:17:03.647',NULL)
	INSERT INTO Enterprise.ProductConfiguration (ProductConfigurationId,ConfigurationId,ProductSettingId,FromDate,ThruDate) VALUES(195,13,53,'2017-06-14 16:18:16.253',NULL)
	INSERT INTO Enterprise.ProductConfiguration (ProductConfigurationId,ConfigurationId,ProductSettingId,FromDate,ThruDate) VALUES(196,13,54,'2017-06-14 16:18:25.270',NULL)
	INSERT INTO Enterprise.ProductConfiguration (ProductConfigurationId,ConfigurationId,ProductSettingId,FromDate,ThruDate) VALUES(197,13,55,'2017-06-14 16:18:33.797',NULL)
	INSERT INTO Enterprise.ProductConfiguration (ProductConfigurationId,ConfigurationId,ProductSettingId,FromDate,ThruDate) VALUES(198,13,56,'2017-06-14 16:18:43.463',NULL)
	INSERT INTO Enterprise.ProductConfiguration (ProductConfigurationId,ConfigurationId,ProductSettingId,FromDate,ThruDate) VALUES(199,13,57,'2017-06-14 16:18:53.927',NULL)
	INSERT INTO Enterprise.ProductConfiguration (ProductConfigurationId,ConfigurationId,ProductSettingId,FromDate,ThruDate) VALUES(200,13,58,'2017-06-14 16:19:03.537',NULL)
	INSERT INTO Enterprise.ProductConfiguration (ProductConfigurationId,ConfigurationId,ProductSettingId,FromDate,ThruDate) VALUES(201,13,1042,'2017-06-14 16:19:18.650',NULL)
	INSERT INTO Enterprise.ProductConfiguration (ProductConfigurationId,ConfigurationId,ProductSettingId,FromDate,ThruDate) VALUES(202,14,59,'2017-06-14 16:20:53.457',NULL)
	INSERT INTO Enterprise.ProductConfiguration (ProductConfigurationId,ConfigurationId,ProductSettingId,FromDate,ThruDate) VALUES(203,14,60,'2017-06-14 16:21:03.047',NULL)
	INSERT INTO Enterprise.ProductConfiguration (ProductConfigurationId,ConfigurationId,ProductSettingId,FromDate,ThruDate) VALUES(204,14,61,'2017-06-14 16:21:11.137',NULL)
	INSERT INTO Enterprise.ProductConfiguration (ProductConfigurationId,ConfigurationId,ProductSettingId,FromDate,ThruDate) VALUES(205,14,62,'2017-06-14 16:21:22.027',NULL)
	INSERT INTO Enterprise.ProductConfiguration (ProductConfigurationId,ConfigurationId,ProductSettingId,FromDate,ThruDate) VALUES(206,14,63,'2017-06-14 16:21:31.800',NULL)
	INSERT INTO Enterprise.ProductConfiguration (ProductConfigurationId,ConfigurationId,ProductSettingId,FromDate,ThruDate) VALUES(207,14,64,'2017-06-14 16:21:40.857',NULL)
	INSERT INTO Enterprise.ProductConfiguration (ProductConfigurationId,ConfigurationId,ProductSettingId,FromDate,ThruDate) VALUES(215,16,71,'2017-06-14 16:27:41.470',NULL)
	INSERT INTO Enterprise.ProductConfiguration (ProductConfigurationId,ConfigurationId,ProductSettingId,FromDate,ThruDate) VALUES(216,16,72,'2017-06-14 16:27:53.013',NULL)
	INSERT INTO Enterprise.ProductConfiguration (ProductConfigurationId,ConfigurationId,ProductSettingId,FromDate,ThruDate) VALUES(217,16,73,'2017-06-14 16:28:10.823',NULL)
	INSERT INTO Enterprise.ProductConfiguration (ProductConfigurationId,ConfigurationId,ProductSettingId,FromDate,ThruDate) VALUES(218,16,74,'2017-06-14 16:28:20.853',NULL)
	INSERT INTO Enterprise.ProductConfiguration (ProductConfigurationId,ConfigurationId,ProductSettingId,FromDate,ThruDate) VALUES(219,16,75,'2017-06-14 16:28:34.930',NULL)
	INSERT INTO Enterprise.ProductConfiguration (ProductConfigurationId,ConfigurationId,ProductSettingId,FromDate,ThruDate) VALUES(220,16,76,'2017-06-14 16:28:43.850',NULL)
	INSERT INTO Enterprise.ProductConfiguration (ProductConfigurationId,ConfigurationId,ProductSettingId,FromDate,ThruDate) VALUES(221,16,1044,'2017-06-14 16:29:03.090',NULL)
	INSERT INTO Enterprise.ProductConfiguration (ProductConfigurationId,ConfigurationId,ProductSettingId,FromDate,ThruDate) VALUES(222,17,77,'2017-06-14 16:29:43.630',NULL)
	INSERT INTO Enterprise.ProductConfiguration (ProductConfigurationId,ConfigurationId,ProductSettingId,FromDate,ThruDate) VALUES(223,17,78,'2017-06-14 16:29:52.480',NULL)
	INSERT INTO Enterprise.ProductConfiguration (ProductConfigurationId,ConfigurationId,ProductSettingId,FromDate,ThruDate) VALUES(224,17,79,'2017-06-14 16:30:01.293',NULL)
	INSERT INTO Enterprise.ProductConfiguration (ProductConfigurationId,ConfigurationId,ProductSettingId,FromDate,ThruDate) VALUES(225,17,80,'2017-06-14 16:30:10.593',NULL)
	INSERT INTO Enterprise.ProductConfiguration (ProductConfigurationId,ConfigurationId,ProductSettingId,FromDate,ThruDate) VALUES(226,17,81,'2017-06-14 16:30:22.450',NULL)
	INSERT INTO Enterprise.ProductConfiguration (ProductConfigurationId,ConfigurationId,ProductSettingId,FromDate,ThruDate) VALUES(227,17,82,'2017-06-14 16:30:33.567',NULL)
	INSERT INTO Enterprise.ProductConfiguration (ProductConfigurationId,ConfigurationId,ProductSettingId,FromDate,ThruDate) VALUES(228,17,1016,'2017-06-14 16:30:50.713',NULL)
	INSERT INTO Enterprise.ProductConfiguration (ProductConfigurationId,ConfigurationId,ProductSettingId,FromDate,ThruDate) VALUES(230,20,1022,'2017-06-14 16:32:35.500',NULL)
	INSERT INTO Enterprise.ProductConfiguration (ProductConfigurationId,ConfigurationId,ProductSettingId,FromDate,ThruDate) VALUES(231,20,1023,'2017-06-14 16:32:45.497',NULL)
	INSERT INTO Enterprise.ProductConfiguration (ProductConfigurationId,ConfigurationId,ProductSettingId,FromDate,ThruDate) VALUES(233,20,1025,'2017-06-14 16:33:08.233',NULL)
	INSERT INTO Enterprise.ProductConfiguration (ProductConfigurationId,ConfigurationId,ProductSettingId,FromDate,ThruDate) VALUES(234,20,1027,'2017-06-14 16:33:25.577',NULL)
	INSERT INTO Enterprise.ProductConfiguration (ProductConfigurationId,ConfigurationId,ProductSettingId,FromDate,ThruDate) VALUES(235,20,1028,'2017-06-14 16:33:35.920',NULL)
	INSERT INTO Enterprise.ProductConfiguration (ProductConfigurationId,ConfigurationId,ProductSettingId,FromDate,ThruDate) VALUES(236,20,1029,'2017-06-14 16:33:50.997',NULL)
	INSERT INTO Enterprise.ProductConfiguration (ProductConfigurationId,ConfigurationId,ProductSettingId,FromDate,ThruDate) VALUES(237,20,1045,'2017-06-14 16:34:09.103',NULL)
	INSERT INTO Enterprise.ProductConfiguration (ProductConfigurationId,ConfigurationId,ProductSettingId,FromDate,ThruDate) VALUES(238,20,1048,'2017-06-14 16:34:24.423',NULL)
	INSERT INTO Enterprise.ProductConfiguration (ProductConfigurationId,ConfigurationId,ProductSettingId,FromDate,ThruDate) VALUES(239,19,1031,'2017-06-14 16:35:47.620',NULL)
	INSERT INTO Enterprise.ProductConfiguration (ProductConfigurationId,ConfigurationId,ProductSettingId,FromDate,ThruDate) VALUES(240,19,1032,'2017-06-14 16:35:56.790',NULL)
	INSERT INTO Enterprise.ProductConfiguration (ProductConfigurationId,ConfigurationId,ProductSettingId,FromDate,ThruDate) VALUES(241,19,1033,'2017-06-14 16:36:06.113',NULL)
	INSERT INTO Enterprise.ProductConfiguration (ProductConfigurationId,ConfigurationId,ProductSettingId,FromDate,ThruDate) VALUES(242,19,1034,'2017-06-14 16:36:15.430',NULL)
	INSERT INTO Enterprise.ProductConfiguration (ProductConfigurationId,ConfigurationId,ProductSettingId,FromDate,ThruDate) VALUES(243,19,1035,'2017-06-14 16:36:25.727',NULL)
	INSERT INTO Enterprise.ProductConfiguration (ProductConfigurationId,ConfigurationId,ProductSettingId,FromDate,ThruDate) VALUES(244,19,1046,'2017-06-14 16:36:42.587',NULL)
	INSERT INTO Enterprise.ProductConfiguration (ProductConfigurationId,ConfigurationId,ProductSettingId,FromDate,ThruDate) VALUES(245,4,3,'2017-06-15 10:46:02.490',NULL)
	INSERT INTO Enterprise.ProductConfiguration (ProductConfigurationId,ConfigurationId,ProductSettingId,FromDate,ThruDate) VALUES(262,49,1052,'2017-06-15 15:58:50.407',NULL)
	INSERT INTO Enterprise.ProductConfiguration (ProductConfigurationId,ConfigurationId,ProductSettingId,FromDate,ThruDate) VALUES(263,49,1053,'2017-06-15 15:59:03.950',NULL)
	INSERT INTO Enterprise.ProductConfiguration (ProductConfigurationId,ConfigurationId,ProductSettingId,FromDate,ThruDate) VALUES(265,49,1054,'2017-06-15 15:59:33.410',NULL)
	INSERT INTO Enterprise.ProductConfiguration (ProductConfigurationId,ConfigurationId,ProductSettingId,FromDate,ThruDate) VALUES(266,49,1055,'2017-06-15 16:00:02.810',NULL)
	INSERT INTO Enterprise.ProductConfiguration (ProductConfigurationId,ConfigurationId,ProductSettingId,FromDate,ThruDate) VALUES(268,49,1056,'2017-06-15 16:00:54.563',NULL)
	INSERT INTO Enterprise.ProductConfiguration (ProductConfigurationId,ConfigurationId,ProductSettingId,FromDate,ThruDate) VALUES(269,49,1057,'2017-06-15 16:01:05.703',NULL)
	INSERT INTO Enterprise.ProductConfiguration (ProductConfigurationId,ConfigurationId,ProductSettingId,FromDate,ThruDate) VALUES(270,49,1058,'2017-06-15 16:01:17.960',NULL)
	INSERT INTO Enterprise.ProductConfiguration (ProductConfigurationId,ConfigurationId,ProductSettingId,FromDate,ThruDate) VALUES(397,	78,	1001	,'2017-06-23 19:44:49.063',	NULL)
	INSERT INTO Enterprise.ProductConfiguration (ProductConfigurationId,ConfigurationId,ProductSettingId,FromDate,ThruDate) VALUES(398,	78,	1		,'2017-06-23 19:44:49.063',	NULL)
	INSERT INTO Enterprise.ProductConfiguration (ProductConfigurationId,ConfigurationId,ProductSettingId,FromDate,ThruDate) VALUES(399,	78,	2		,'2017-06-23 19:44:49.063',	NULL)
	INSERT INTO Enterprise.ProductConfiguration (ProductConfigurationId,ConfigurationId,ProductSettingId,FromDate,ThruDate) VALUES(400,	78,	3		,'2017-06-23 19:44:49.063',	NULL)
	INSERT INTO Enterprise.ProductConfiguration (ProductConfigurationId,ConfigurationId,ProductSettingId,FromDate,ThruDate) VALUES(401,	78,	4		,'2017-06-23 19:44:49.063',	NULL)
	INSERT INTO Enterprise.ProductConfiguration (ProductConfigurationId,ConfigurationId,ProductSettingId,FromDate,ThruDate) VALUES(402,	78,	5		,'2017-06-23 19:44:49.063',	NULL)
	INSERT INTO Enterprise.ProductConfiguration (ProductConfigurationId,ConfigurationId,ProductSettingId,FromDate,ThruDate) VALUES(403,	78,	6		,'2017-06-23 19:44:49.063',	NULL)
	INSERT INTO Enterprise.ProductConfiguration (ProductConfigurationId,ConfigurationId,ProductSettingId,FromDate,ThruDate) VALUES(404,	78,	1004	,'2017-06-23 19:44:49.063',	NULL)
	INSERT INTO Enterprise.ProductConfiguration (ProductConfigurationId,ConfigurationId,ProductSettingId,FromDate,ThruDate) VALUES(405,	78,	1021	,'2017-06-23 19:44:49.063',	NULL)
	INSERT INTO Enterprise.ProductConfiguration (ProductConfigurationId,ConfigurationId,ProductSettingId,FromDate,ThruDate) VALUES(406,	78,	1018	,'2017-06-23 19:44:49.063',	NULL)
	INSERT INTO Enterprise.ProductConfiguration (ProductConfigurationId,ConfigurationId,ProductSettingId,FromDate,ThruDate) VALUES(407,	78,	1062	,'2017-06-23 19:44:49.063',	NULL)
	INSERT INTO Enterprise.ProductConfiguration (ProductConfigurationId,ConfigurationId,ProductSettingId,FromDate,ThruDate) VALUES(408,	78,	1061	,'2017-06-23 19:44:49.063',	NULL)
	INSERT INTO Enterprise.ProductConfiguration (ProductConfigurationId,ConfigurationId,ProductSettingId,FromDate,ThruDate) VALUES(409,	78,	1063	,'2017-06-23 19:44:49.063',	NULL)
	INSERT INTO Enterprise.ProductConfiguration (ProductConfigurationId,ConfigurationId,ProductSettingId,FromDate,ThruDate) VALUES(410,	78,	1064	,'2017-06-23 19:44:49.063',	NULL)
	INSERT INTO Enterprise.ProductConfiguration (ProductConfigurationId,ConfigurationId,ProductSettingId,FromDate,ThruDate) VALUES(411,	79,	7		,'2017-06-23 19:46:23.777',	NULL)
	INSERT INTO Enterprise.ProductConfiguration (ProductConfigurationId,ConfigurationId,ProductSettingId,FromDate,ThruDate) VALUES(412,	79,	8		,'2017-06-23 19:46:23.777',	NULL)
	INSERT INTO Enterprise.ProductConfiguration (ProductConfigurationId,ConfigurationId,ProductSettingId,FromDate,ThruDate) VALUES(413,	79,	9		,'2017-06-23 19:46:23.777',	NULL)
	INSERT INTO Enterprise.ProductConfiguration (ProductConfigurationId,ConfigurationId,ProductSettingId,FromDate,ThruDate) VALUES(414,	79,	10		,'2017-06-23 19:46:23.777',	NULL)
	INSERT INTO Enterprise.ProductConfiguration (ProductConfigurationId,ConfigurationId,ProductSettingId,FromDate,ThruDate) VALUES(415,	79,	11		,'2017-06-23 19:46:23.777',	NULL)
	INSERT INTO Enterprise.ProductConfiguration (ProductConfigurationId,ConfigurationId,ProductSettingId,FromDate,ThruDate) VALUES(416,	79,	12		,'2017-06-23 19:46:23.777',	NULL)
	INSERT INTO Enterprise.ProductConfiguration (ProductConfigurationId,ConfigurationId,ProductSettingId,FromDate,ThruDate) VALUES(417,	79,	13		,'2017-06-23 19:46:23.777',	NULL)
	INSERT INTO Enterprise.ProductConfiguration (ProductConfigurationId,ConfigurationId,ProductSettingId,FromDate,ThruDate) VALUES(418,	79,	14		,'2017-06-23 19:46:23.777',	NULL)
	INSERT INTO Enterprise.ProductConfiguration (ProductConfigurationId,ConfigurationId,ProductSettingId,FromDate,ThruDate) VALUES(419,	80,	15		,'2017-06-23 19:47:43.890',	NULL)
	INSERT INTO Enterprise.ProductConfiguration (ProductConfigurationId,ConfigurationId,ProductSettingId,FromDate,ThruDate) VALUES(420,	80,	16		,'2017-06-23 19:47:43.890',	NULL)
	INSERT INTO Enterprise.ProductConfiguration (ProductConfigurationId,ConfigurationId,ProductSettingId,FromDate,ThruDate) VALUES(421,	80,	1189	,'2017-06-23 19:47:43.890',	NULL)
	INSERT INTO Enterprise.ProductConfiguration (ProductConfigurationId,ConfigurationId,ProductSettingId,FromDate,ThruDate) VALUES(422,	81,	17		,'2017-06-23 20:06:54.213',	NULL)
	INSERT INTO Enterprise.ProductConfiguration (ProductConfigurationId,ConfigurationId,ProductSettingId,FromDate,ThruDate) VALUES(423,	81,	18		,'2017-06-23 20:06:54.213',	NULL)
	INSERT INTO Enterprise.ProductConfiguration (ProductConfigurationId,ConfigurationId,ProductSettingId,FromDate,ThruDate) VALUES(424,	81,	19		,'2017-06-23 20:06:54.213',	NULL)
	INSERT INTO Enterprise.ProductConfiguration (ProductConfigurationId,ConfigurationId,ProductSettingId,FromDate,ThruDate) VALUES(425,	81,	20		,'2017-06-23 20:06:54.213',	NULL)
	INSERT INTO Enterprise.ProductConfiguration (ProductConfigurationId,ConfigurationId,ProductSettingId,FromDate,ThruDate) VALUES(426,	81,	21		,'2017-06-23 20:06:54.213',	NULL)
	INSERT INTO Enterprise.ProductConfiguration (ProductConfigurationId,ConfigurationId,ProductSettingId,FromDate,ThruDate) VALUES(427,	81,	22		,'2017-06-23 20:06:54.213',	NULL)
	INSERT INTO Enterprise.ProductConfiguration (ProductConfigurationId,ConfigurationId,ProductSettingId,FromDate,ThruDate) VALUES(428,	81,	1065	,'2017-06-23 20:06:54.213',	NULL)
	INSERT INTO Enterprise.ProductConfiguration (ProductConfigurationId,ConfigurationId,ProductSettingId,FromDate,ThruDate) VALUES(429,	81,	1036	,'2017-06-23 20:06:54.213',	NULL)
	INSERT INTO Enterprise.ProductConfiguration (ProductConfigurationId,ConfigurationId,ProductSettingId,FromDate,ThruDate) VALUES(430,	82,	23		,'2017-06-23 20:11:05.663',	NULL)
	INSERT INTO Enterprise.ProductConfiguration (ProductConfigurationId,ConfigurationId,ProductSettingId,FromDate,ThruDate) VALUES(431,	82,	24		,'2017-06-23 20:11:05.663',	NULL)
	INSERT INTO Enterprise.ProductConfiguration (ProductConfigurationId,ConfigurationId,ProductSettingId,FromDate,ThruDate) VALUES(432,	82,	25		,'2017-06-23 20:11:05.663',	NULL)
	INSERT INTO Enterprise.ProductConfiguration (ProductConfigurationId,ConfigurationId,ProductSettingId,FromDate,ThruDate) VALUES(433,	82,	26		,'2017-06-23 20:11:05.663',	NULL)
	INSERT INTO Enterprise.ProductConfiguration (ProductConfigurationId,ConfigurationId,ProductSettingId,FromDate,ThruDate) VALUES(434,	82,	27		,'2017-06-23 20:11:05.663',	NULL)
	INSERT INTO Enterprise.ProductConfiguration (ProductConfigurationId,ConfigurationId,ProductSettingId,FromDate,ThruDate) VALUES(435,	82,	28		,'2017-06-23 20:11:05.663',	NULL)
	INSERT INTO Enterprise.ProductConfiguration (ProductConfigurationId,ConfigurationId,ProductSettingId,FromDate,ThruDate) VALUES(436,	82,	1037	,'2017-06-23 20:11:05.663',	NULL)
	INSERT INTO Enterprise.ProductConfiguration (ProductConfigurationId,ConfigurationId,ProductSettingId,FromDate,ThruDate) VALUES(437,	83,	29		,'2017-06-23 20:12:11.610',	NULL)
	INSERT INTO Enterprise.ProductConfiguration (ProductConfigurationId,ConfigurationId,ProductSettingId,FromDate,ThruDate) VALUES(438,	83,	30		,'2017-06-23 20:12:11.610',	NULL)
	INSERT INTO Enterprise.ProductConfiguration (ProductConfigurationId,ConfigurationId,ProductSettingId,FromDate,ThruDate) VALUES(439,	83,	31		,'2017-06-23 20:12:11.610',	NULL)
	INSERT INTO Enterprise.ProductConfiguration (ProductConfigurationId,ConfigurationId,ProductSettingId,FromDate,ThruDate) VALUES(440,	83,	32		,'2017-06-23 20:12:11.610',	NULL)
	INSERT INTO Enterprise.ProductConfiguration (ProductConfigurationId,ConfigurationId,ProductSettingId,FromDate,ThruDate) VALUES(441,	83,	33		,'2017-06-23 20:12:11.610',	NULL)
	INSERT INTO Enterprise.ProductConfiguration (ProductConfigurationId,ConfigurationId,ProductSettingId,FromDate,ThruDate) VALUES(442,	83,	34		,'2017-06-23 20:12:11.610',	NULL)
	INSERT INTO Enterprise.ProductConfiguration (ProductConfigurationId,ConfigurationId,ProductSettingId,FromDate,ThruDate) VALUES(443,	83,	1066	,'2017-06-23 20:12:11.610',	NULL)
	INSERT INTO Enterprise.ProductConfiguration (ProductConfigurationId,ConfigurationId,ProductSettingId,FromDate,ThruDate) VALUES(444,	83,	1038	,'2017-06-23 20:12:11.610',	NULL)
	INSERT INTO Enterprise.ProductConfiguration (ProductConfigurationId,ConfigurationId,ProductSettingId,FromDate,ThruDate) VALUES(445,	84,	35		,'2017-06-23 20:12:28.613',	NULL)
	INSERT INTO Enterprise.ProductConfiguration (ProductConfigurationId,ConfigurationId,ProductSettingId,FromDate,ThruDate) VALUES(446,	84,	36		,'2017-06-23 20:12:28.613',	NULL)
	INSERT INTO Enterprise.ProductConfiguration (ProductConfigurationId,ConfigurationId,ProductSettingId,FromDate,ThruDate) VALUES(447,	84,	37		,'2017-06-23 20:12:28.613',	NULL)
	INSERT INTO Enterprise.ProductConfiguration (ProductConfigurationId,ConfigurationId,ProductSettingId,FromDate,ThruDate) VALUES(448,	84,	38		,'2017-06-23 20:12:28.613',	NULL)
	INSERT INTO Enterprise.ProductConfiguration (ProductConfigurationId,ConfigurationId,ProductSettingId,FromDate,ThruDate) VALUES(449,	84,	39		,'2017-06-23 20:12:28.613',	NULL)
	INSERT INTO Enterprise.ProductConfiguration (ProductConfigurationId,ConfigurationId,ProductSettingId,FromDate,ThruDate) VALUES(450,	84,	40		,'2017-06-23 20:12:28.613',	NULL)
	INSERT INTO Enterprise.ProductConfiguration (ProductConfigurationId,ConfigurationId,ProductSettingId,FromDate,ThruDate) VALUES(451,	84,	1068	,'2017-06-23 20:12:28.613',	NULL)
	INSERT INTO Enterprise.ProductConfiguration (ProductConfigurationId,ConfigurationId,ProductSettingId,FromDate,ThruDate) VALUES(452,	84,	1049	,'2017-06-23 20:12:28.613',	NULL)
	INSERT INTO Enterprise.ProductConfiguration (ProductConfigurationId,ConfigurationId,ProductSettingId,FromDate,ThruDate) VALUES(453,	84,	1039	,'2017-06-23 20:12:28.613',	NULL)
	INSERT INTO Enterprise.ProductConfiguration (ProductConfigurationId,ConfigurationId,ProductSettingId,FromDate,ThruDate) VALUES(468,86,41,'2017-06-23 20:27:14.297',NULL)
	INSERT INTO Enterprise.ProductConfiguration (ProductConfigurationId,ConfigurationId,ProductSettingId,FromDate,ThruDate) VALUES(469,86,42,'2017-06-23 20:27:14.297',NULL)
	INSERT INTO Enterprise.ProductConfiguration (ProductConfigurationId,ConfigurationId,ProductSettingId,FromDate,ThruDate) VALUES(470,86,43,'2017-06-23 20:27:14.297',NULL)
	INSERT INTO Enterprise.ProductConfiguration (ProductConfigurationId,ConfigurationId,ProductSettingId,FromDate,ThruDate) VALUES(471,86,44,'2017-06-23 20:27:14.297',NULL)
	INSERT INTO Enterprise.ProductConfiguration (ProductConfigurationId,ConfigurationId,ProductSettingId,FromDate,ThruDate) VALUES(472,86,45,'2017-06-23 20:27:14.297',NULL)
	INSERT INTO Enterprise.ProductConfiguration (ProductConfigurationId,ConfigurationId,ProductSettingId,FromDate,ThruDate) VALUES(473,86,46,'2017-06-23 20:27:14.297',NULL)
	INSERT INTO Enterprise.ProductConfiguration (ProductConfigurationId,ConfigurationId,ProductSettingId,FromDate,ThruDate) VALUES(474,86,1069,'2017-06-23 20:27:14.297',NULL)
	INSERT INTO Enterprise.ProductConfiguration (ProductConfigurationId,ConfigurationId,ProductSettingId,FromDate,ThruDate) VALUES(475,86,1047,'2017-06-23 20:27:14.297',NULL)
	INSERT INTO Enterprise.ProductConfiguration (ProductConfigurationId,ConfigurationId,ProductSettingId,FromDate,ThruDate) VALUES(476,86,1040,'2017-06-23 20:27:14.297',NULL)
	INSERT INTO Enterprise.ProductConfiguration (ProductConfigurationId,ConfigurationId,ProductSettingId,FromDate,ThruDate) VALUES(477,86,1207,'2017-06-23 20:27:14.297',NULL)
	INSERT INTO Enterprise.ProductConfiguration (ProductConfigurationId,ConfigurationId,ProductSettingId,FromDate,ThruDate) VALUES(478,86,1210,'2017-06-23 20:27:14.297',NULL)
	INSERT INTO Enterprise.ProductConfiguration (ProductConfigurationId,ConfigurationId,ProductSettingId,FromDate,ThruDate) VALUES(479,86,1211,'2017-06-23 20:27:14.297',NULL)
	INSERT INTO Enterprise.ProductConfiguration (ProductConfigurationId,ConfigurationId,ProductSettingId,FromDate,ThruDate) VALUES(480,86,1208,'2017-06-23 20:27:14.297',NULL)
	INSERT INTO Enterprise.ProductConfiguration (ProductConfigurationId,ConfigurationId,ProductSettingId,FromDate,ThruDate) VALUES(481,86,1209,'2017-06-23 20:27:14.297',NULL)
	INSERT INTO Enterprise.ProductConfiguration (ProductConfigurationId,ConfigurationId,ProductSettingId,FromDate,ThruDate) VALUES(490,88,53,'2017-06-23 20:39:32.887',NULL)
	INSERT INTO Enterprise.ProductConfiguration (ProductConfigurationId,ConfigurationId,ProductSettingId,FromDate,ThruDate) VALUES(491,88,54,'2017-06-23 20:39:32.887',NULL)
	INSERT INTO Enterprise.ProductConfiguration (ProductConfigurationId,ConfigurationId,ProductSettingId,FromDate,ThruDate) VALUES(492,88,55,'2017-06-23 20:39:32.887',NULL)
	INSERT INTO Enterprise.ProductConfiguration (ProductConfigurationId,ConfigurationId,ProductSettingId,FromDate,ThruDate) VALUES(493,88,56,'2017-06-23 20:39:32.887',NULL)
	INSERT INTO Enterprise.ProductConfiguration (ProductConfigurationId,ConfigurationId,ProductSettingId,FromDate,ThruDate) VALUES(494,88,57,'2017-06-23 20:39:32.887',NULL)
	INSERT INTO Enterprise.ProductConfiguration (ProductConfigurationId,ConfigurationId,ProductSettingId,FromDate,ThruDate) VALUES(495,88,58,'2017-06-23 20:39:32.887',NULL)
	INSERT INTO Enterprise.ProductConfiguration (ProductConfigurationId,ConfigurationId,ProductSettingId,FromDate,ThruDate) VALUES(496,88,1071,'2017-06-23 20:39:32.887',NULL)
	INSERT INTO Enterprise.ProductConfiguration (ProductConfigurationId,ConfigurationId,ProductSettingId,FromDate,ThruDate) VALUES(497,88,1042,'2017-06-23 20:39:32.887',NULL)
	INSERT INTO Enterprise.ProductConfiguration (ProductConfigurationId,ConfigurationId,ProductSettingId,FromDate,ThruDate) VALUES(498,89,59,'2017-06-23 20:42:01.317',NULL)
	INSERT INTO Enterprise.ProductConfiguration (ProductConfigurationId,ConfigurationId,ProductSettingId,FromDate,ThruDate) VALUES(499,89,60,'2017-06-23 20:42:01.317',NULL)
	INSERT INTO Enterprise.ProductConfiguration (ProductConfigurationId,ConfigurationId,ProductSettingId,FromDate,ThruDate) VALUES(500,89,61,'2017-06-23 20:42:01.317',NULL)
	INSERT INTO Enterprise.ProductConfiguration (ProductConfigurationId,ConfigurationId,ProductSettingId,FromDate,ThruDate) VALUES(501,89,62,'2017-06-23 20:42:01.317',NULL)
	INSERT INTO Enterprise.ProductConfiguration (ProductConfigurationId,ConfigurationId,ProductSettingId,FromDate,ThruDate) VALUES(502,89,63,'2017-06-23 20:42:01.317',NULL)
	INSERT INTO Enterprise.ProductConfiguration (ProductConfigurationId,ConfigurationId,ProductSettingId,FromDate,ThruDate) VALUES(503,89,64,'2017-06-23 20:42:01.317',NULL)
	INSERT INTO Enterprise.ProductConfiguration (ProductConfigurationId,ConfigurationId,ProductSettingId,FromDate,ThruDate) VALUES(504,89,1072,'2017-06-23 20:42:01.317',NULL)
	INSERT INTO Enterprise.ProductConfiguration (ProductConfigurationId,ConfigurationId,ProductSettingId,FromDate,ThruDate) VALUES(513,91,71,'2017-06-23 20:44:05.613',NULL)
	INSERT INTO Enterprise.ProductConfiguration (ProductConfigurationId,ConfigurationId,ProductSettingId,FromDate,ThruDate) VALUES(514,91,72,'2017-06-23 20:44:05.613',NULL)
	INSERT INTO Enterprise.ProductConfiguration (ProductConfigurationId,ConfigurationId,ProductSettingId,FromDate,ThruDate) VALUES(515,91,73,'2017-06-23 20:44:05.613',NULL)
	INSERT INTO Enterprise.ProductConfiguration (ProductConfigurationId,ConfigurationId,ProductSettingId,FromDate,ThruDate) VALUES(516,91,74,'2017-06-23 20:44:05.613',NULL)
	INSERT INTO Enterprise.ProductConfiguration (ProductConfigurationId,ConfigurationId,ProductSettingId,FromDate,ThruDate) VALUES(517,91,75,'2017-06-23 20:44:05.613',NULL)
	INSERT INTO Enterprise.ProductConfiguration (ProductConfigurationId,ConfigurationId,ProductSettingId,FromDate,ThruDate) VALUES(518,91,76,'2017-06-23 20:44:05.613',NULL)
	INSERT INTO Enterprise.ProductConfiguration (ProductConfigurationId,ConfigurationId,ProductSettingId,FromDate,ThruDate) VALUES(519,91,1074,'2017-06-23 20:44:05.613',NULL)
	INSERT INTO Enterprise.ProductConfiguration (ProductConfigurationId,ConfigurationId,ProductSettingId,FromDate,ThruDate) VALUES(520,91,1044,'2017-06-23 20:44:05.613',NULL)
	INSERT INTO Enterprise.ProductConfiguration (ProductConfigurationId,ConfigurationId,ProductSettingId,FromDate,ThruDate) VALUES(521,92,77,'2017-06-23 20:46:23.020',NULL)
	INSERT INTO Enterprise.ProductConfiguration (ProductConfigurationId,ConfigurationId,ProductSettingId,FromDate,ThruDate) VALUES(522,92,78,'2017-06-23 20:46:23.020',NULL)
	INSERT INTO Enterprise.ProductConfiguration (ProductConfigurationId,ConfigurationId,ProductSettingId,FromDate,ThruDate) VALUES(523,92,79,'2017-06-23 20:46:23.020',NULL)
	INSERT INTO Enterprise.ProductConfiguration (ProductConfigurationId,ConfigurationId,ProductSettingId,FromDate,ThruDate) VALUES(524,92,80,'2017-06-23 20:46:23.020',NULL)
	INSERT INTO Enterprise.ProductConfiguration (ProductConfigurationId,ConfigurationId,ProductSettingId,FromDate,ThruDate) VALUES(525,92,81,'2017-06-23 20:46:23.020',NULL)
	INSERT INTO Enterprise.ProductConfiguration (ProductConfigurationId,ConfigurationId,ProductSettingId,FromDate,ThruDate) VALUES(526,92,82,'2017-06-23 20:46:23.020',NULL)
	INSERT INTO Enterprise.ProductConfiguration (ProductConfigurationId,ConfigurationId,ProductSettingId,FromDate,ThruDate) VALUES(527,92,1016,'2017-06-23 20:46:23.020',NULL)
	INSERT INTO Enterprise.ProductConfiguration (ProductConfigurationId,ConfigurationId,ProductSettingId,FromDate,ThruDate) VALUES(528,92,1173,'2017-06-23 20:46:23.020',NULL)
	INSERT INTO Enterprise.ProductConfiguration (ProductConfigurationId,ConfigurationId,ProductSettingId,FromDate,ThruDate) VALUES(529,93,1177,'2017-06-23 20:48:09.243',NULL)
	INSERT INTO Enterprise.ProductConfiguration (ProductConfigurationId,ConfigurationId,ProductSettingId,FromDate,ThruDate) VALUES(530,93,1178,'2017-06-23 20:48:09.243',NULL)
	INSERT INTO Enterprise.ProductConfiguration (ProductConfigurationId,ConfigurationId,ProductSettingId,FromDate,ThruDate) VALUES(531,93,1179,'2017-06-23 20:48:09.243',NULL)
	INSERT INTO Enterprise.ProductConfiguration (ProductConfigurationId,ConfigurationId,ProductSettingId,FromDate,ThruDate) VALUES(532,93,1180,'2017-06-23 20:48:09.243',NULL)
	INSERT INTO Enterprise.ProductConfiguration (ProductConfigurationId,ConfigurationId,ProductSettingId,FromDate,ThruDate) VALUES(533,93,1181,'2017-06-23 20:48:09.243',NULL)
	INSERT INTO Enterprise.ProductConfiguration (ProductConfigurationId,ConfigurationId,ProductSettingId,FromDate,ThruDate) VALUES(534,93,1182,'2017-06-23 20:48:09.243',NULL)
	INSERT INTO Enterprise.ProductConfiguration (ProductConfigurationId,ConfigurationId,ProductSettingId,FromDate,ThruDate) VALUES(535,93,1184,'2017-06-23 20:48:09.243',NULL)
	INSERT INTO Enterprise.ProductConfiguration (ProductConfigurationId,ConfigurationId,ProductSettingId,FromDate,ThruDate) VALUES(536,93,1183,'2017-06-23 20:48:09.243',NULL)
	INSERT INTO Enterprise.ProductConfiguration (ProductConfigurationId,ConfigurationId,ProductSettingId,FromDate,ThruDate) VALUES(537,94,1022,'2017-06-23 20:49:39.953',NULL)
	INSERT INTO Enterprise.ProductConfiguration (ProductConfigurationId,ConfigurationId,ProductSettingId,FromDate,ThruDate) VALUES(538,94,1023,'2017-06-23 20:49:39.953',NULL)
	INSERT INTO Enterprise.ProductConfiguration (ProductConfigurationId,ConfigurationId,ProductSettingId,FromDate,ThruDate) VALUES(539,94,1025,'2017-06-23 20:49:39.953',NULL)
	INSERT INTO Enterprise.ProductConfiguration (ProductConfigurationId,ConfigurationId,ProductSettingId,FromDate,ThruDate) VALUES(540,94,1028,'2017-06-23 20:49:39.953',NULL)
	INSERT INTO Enterprise.ProductConfiguration (ProductConfigurationId,ConfigurationId,ProductSettingId,FromDate,ThruDate) VALUES(541,94,1029,'2017-06-23 20:49:39.953',NULL)
	INSERT INTO Enterprise.ProductConfiguration (ProductConfigurationId,ConfigurationId,ProductSettingId,FromDate,ThruDate) VALUES(542,94,1027,'2017-06-23 20:49:39.953',NULL)
	INSERT INTO Enterprise.ProductConfiguration (ProductConfigurationId,ConfigurationId,ProductSettingId,FromDate,ThruDate) VALUES(543,94,1075,'2017-06-23 20:49:39.953',NULL)
	INSERT INTO Enterprise.ProductConfiguration (ProductConfigurationId,ConfigurationId,ProductSettingId,FromDate,ThruDate) VALUES(544,94,1048,'2017-06-23 20:49:39.953',NULL)
	INSERT INTO Enterprise.ProductConfiguration (ProductConfigurationId,ConfigurationId,ProductSettingId,FromDate,ThruDate) VALUES(545,94,1045,'2017-06-23 20:49:39.953',NULL)
	INSERT INTO Enterprise.ProductConfiguration (ProductConfigurationId,ConfigurationId,ProductSettingId,FromDate,ThruDate) VALUES(546,95,1172,'2017-06-23 20:50:15.423',NULL)
	INSERT INTO Enterprise.ProductConfiguration (ProductConfigurationId,ConfigurationId,ProductSettingId,FromDate,ThruDate) VALUES(547,95,1031,'2017-06-23 20:50:15.423',NULL)
	INSERT INTO Enterprise.ProductConfiguration (ProductConfigurationId,ConfigurationId,ProductSettingId,FromDate,ThruDate) VALUES(548,95,1032,'2017-06-23 20:50:15.423',NULL)
	INSERT INTO Enterprise.ProductConfiguration (ProductConfigurationId,ConfigurationId,ProductSettingId,FromDate,ThruDate) VALUES(549,95,1033,'2017-06-23 20:50:15.423',NULL)
	INSERT INTO Enterprise.ProductConfiguration (ProductConfigurationId,ConfigurationId,ProductSettingId,FromDate,ThruDate) VALUES(550,95,1034,'2017-06-23 20:50:15.423',NULL)
	INSERT INTO Enterprise.ProductConfiguration (ProductConfigurationId,ConfigurationId,ProductSettingId,FromDate,ThruDate) VALUES(551,95,1185,'2017-06-23 20:50:15.423',NULL)
	INSERT INTO Enterprise.ProductConfiguration (ProductConfigurationId,ConfigurationId,ProductSettingId,FromDate,ThruDate) VALUES(552,95,1035,'2017-06-23 20:50:15.423',NULL)
	INSERT INTO Enterprise.ProductConfiguration (ProductConfigurationId,ConfigurationId,ProductSettingId,FromDate,ThruDate) VALUES(553,95,1077,'2017-06-23 20:50:15.423',NULL)
	INSERT INTO Enterprise.ProductConfiguration (ProductConfigurationId,ConfigurationId,ProductSettingId,FromDate,ThruDate) VALUES(554,95,1046,'2017-06-23 20:50:15.423',NULL)
	INSERT INTO Enterprise.ProductConfiguration (ProductConfigurationId,ConfigurationId,ProductSettingId,FromDate,ThruDate) VALUES(555,96,1052,'2017-06-23 20:51:48.060',NULL)
	INSERT INTO Enterprise.ProductConfiguration (ProductConfigurationId,ConfigurationId,ProductSettingId,FromDate,ThruDate) VALUES(556,96,1053,'2017-06-23 20:51:48.060',NULL)
	INSERT INTO Enterprise.ProductConfiguration (ProductConfigurationId,ConfigurationId,ProductSettingId,FromDate,ThruDate) VALUES(557,96,1054,'2017-06-23 20:51:48.060',NULL)
	INSERT INTO Enterprise.ProductConfiguration (ProductConfigurationId,ConfigurationId,ProductSettingId,FromDate,ThruDate) VALUES(558,96,1055,'2017-06-23 20:51:48.060',NULL)
	INSERT INTO Enterprise.ProductConfiguration (ProductConfigurationId,ConfigurationId,ProductSettingId,FromDate,ThruDate) VALUES(559,96,1056,'2017-06-23 20:51:48.060',NULL)
	INSERT INTO Enterprise.ProductConfiguration (ProductConfigurationId,ConfigurationId,ProductSettingId,FromDate,ThruDate) VALUES(560,96,1057,'2017-06-23 20:51:48.060',NULL)
	INSERT INTO Enterprise.ProductConfiguration (ProductConfigurationId,ConfigurationId,ProductSettingId,FromDate,ThruDate) VALUES(561,96,1078,'2017-06-23 20:51:48.060',NULL)
	INSERT INTO Enterprise.ProductConfiguration (ProductConfigurationId,ConfigurationId,ProductSettingId,FromDate,ThruDate) VALUES(562,96,1058,'2017-06-23 20:51:48.060',NULL)
	INSERT INTO Enterprise.ProductConfiguration (ProductConfigurationId,ConfigurationId,ProductSettingId,FromDate,ThruDate) VALUES(600,91,1221,'2017-07-03 15:40:47.660',NULL)
	INSERT INTO Enterprise.ProductConfiguration (ProductConfigurationId,ConfigurationId,ProductSettingId,FromDate,ThruDate) VALUES(601,91,1222,'2017-07-03 15:40:47.660',NULL)
	INSERT INTO Enterprise.ProductConfiguration (ProductConfigurationId,ConfigurationId,ProductSettingId,FromDate,ThruDate) VALUES(9, 3, 1011,'2017-05-23 00:00:00.000', NULL)
	INSERT INTO Enterprise.ProductConfiguration (ProductConfigurationId,ConfigurationId,ProductSettingId,FromDate,ThruDate) VALUES(249, 38, 1065, '2017-06-15 12:40:54.973', NULL)
	INSERT INTO Enterprise.ProductConfiguration (ProductConfigurationId,ConfigurationId,ProductSettingId,FromDate,ThruDate) VALUES(250, 39, 1066, '2017-06-15 12:43:40.490', NULL)
	INSERT INTO Enterprise.ProductConfiguration (ProductConfigurationId,ConfigurationId,ProductSettingId,FromDate,ThruDate) VALUES(253, 40, 1068, '2017-06-15 12:46:32.310', NULL)
	INSERT INTO Enterprise.ProductConfiguration (ProductConfigurationId,ConfigurationId,ProductSettingId,FromDate,ThruDate) VALUES(254, 41, 1069, '2017-06-15 13:02:09.187', NULL)
	INSERT INTO Enterprise.ProductConfiguration (ProductConfigurationId,ConfigurationId,ProductSettingId,FromDate,ThruDate) VALUES(255, 42, 1070, '2017-06-15 13:04:29.460', NULL)
	INSERT INTO Enterprise.ProductConfiguration (ProductConfigurationId,ConfigurationId,ProductSettingId,FromDate,ThruDate) VALUES(256, 43, 1071, '2017-06-15 13:22:14.817', NULL)
	INSERT INTO Enterprise.ProductConfiguration (ProductConfigurationId,ConfigurationId,ProductSettingId,FromDate,ThruDate) VALUES(257, 44, 1072, '2017-06-15 13:25:21.020', NULL)
	INSERT INTO Enterprise.ProductConfiguration (ProductConfigurationId,ConfigurationId,ProductSettingId,FromDate,ThruDate) VALUES(259, 46, 1077, '2017-06-15 13:28:21.903', NULL)
	INSERT INTO Enterprise.ProductConfiguration (ProductConfigurationId,ConfigurationId,ProductSettingId,FromDate,ThruDate) VALUES(260, 45, 1075, '2017-06-15 13:40:26.713', NULL)
	INSERT INTO Enterprise.ProductConfiguration (ProductConfigurationId,ConfigurationId,ProductSettingId,FromDate,ThruDate) VALUES(271, 48, 1078, '2017-06-15 16:29:30.327', NULL)
	INSERT INTO Enterprise.ProductConfiguration (ProductConfigurationId,ConfigurationId,ProductSettingId,FromDate,ThruDate) VALUES(597, 3, 1218, '2017-06-30 13:15:48.887', NULL)
	INSERT INTO Enterprise.ProductConfiguration (ProductConfigurationId,ConfigurationId,ProductSettingId,FromDate,ThruDate) VALUES(598, 38, 1219, '2017-06-30 16:02:55.417', NULL)
	INSERT INTO Enterprise.ProductConfiguration (ProductConfigurationId,ConfigurationId,ProductSettingId,FromDate,ThruDate) VALUES(599, 111, 1070, '2017-06-30 22:20:03.680', NULL)
	INSERT INTO Enterprise.ProductConfiguration (ProductConfigurationId,ConfigurationId,ProductSettingId,FromDate,ThruDate) VALUES(636, 100, 1240, '2017-07-06 21:26:57.487', NULL)
	INSERT INTO Enterprise.ProductConfiguration (ProductConfigurationId,ConfigurationId,ProductSettingId,FromDate,ThruDate) VALUES(638, 100, 1241, '2017-07-07 02:50:58.257', NULL)
	INSERT INTO Enterprise.ProductConfiguration (ProductConfigurationId,ConfigurationId,ProductSettingId,FromDate,ThruDate) VALUES(586,	110	,47		,'2017-06-29 15:28:36.650', NULL)
	INSERT INTO Enterprise.ProductConfiguration (ProductConfigurationId,ConfigurationId,ProductSettingId,FromDate,ThruDate) VALUES(587,	110	,48		,'2017-06-29 15:28:36.650', NULL)
	INSERT INTO Enterprise.ProductConfiguration (ProductConfigurationId,ConfigurationId,ProductSettingId,FromDate,ThruDate) VALUES(588,	110	,49		,'2017-06-29 15:28:36.650', NULL)
	INSERT INTO Enterprise.ProductConfiguration (ProductConfigurationId,ConfigurationId,ProductSettingId,FromDate,ThruDate) VALUES(589,	110	,50		,'2017-06-29 15:28:36.650', NULL)
	INSERT INTO Enterprise.ProductConfiguration (ProductConfigurationId,ConfigurationId,ProductSettingId,FromDate,ThruDate) VALUES(590,	110	,51		,'2017-06-29 15:28:36.650', NULL)
	INSERT INTO Enterprise.ProductConfiguration (ProductConfigurationId,ConfigurationId,ProductSettingId,FromDate,ThruDate) VALUES(591,	110	,52		,'2017-06-29 15:28:36.650', NULL)
	INSERT INTO Enterprise.ProductConfiguration (ProductConfigurationId,ConfigurationId,ProductSettingId,FromDate,ThruDate) VALUES(592,	110	,1070	,'2017-06-29 15:28:36.650', NULL)
	INSERT INTO Enterprise.ProductConfiguration (ProductConfigurationId,ConfigurationId,ProductSettingId,FromDate,ThruDate) VALUES(593,	110	,1041	,'2017-06-29 15:28:36.650', NULL)
	INSERT INTO Enterprise.ProductConfiguration (ProductConfigurationId,ConfigurationId,ProductSettingId,FromDate,ThruDate) VALUES(594,	110	,1212	,'2017-06-29 15:28:36.650', NULL)
	INSERT INTO Enterprise.ProductConfiguration (ProductConfigurationId,ConfigurationId,ProductSettingId,FromDate,ThruDate) VALUES(595,	110	,1213	,'2017-06-29 19:54:27.140', NULL)
	INSERT INTO Enterprise.ProductConfiguration (ProductConfigurationId,ConfigurationId,ProductSettingId,FromDate,ThruDate) VALUES(596,	110	,1214	,'2017-06-29 19:54:27.140', NULL)
	INSERT INTO Enterprise.ProductConfiguration (ProductConfigurationId,ConfigurationId,ProductSettingId,FromDate,ThruDate) VALUES(505	,90	,65		,'2017-06-23 20:43:17.247',NULL)
	INSERT INTO Enterprise.ProductConfiguration (ProductConfigurationId,ConfigurationId,ProductSettingId,FromDate,ThruDate) VALUES(506	,90	,66		,'2017-06-23 20:43:17.247',NULL)
	INSERT INTO Enterprise.ProductConfiguration (ProductConfigurationId,ConfigurationId,ProductSettingId,FromDate,ThruDate) VALUES(507	,90	,67		,'2017-06-23 20:43:17.247',NULL)
	INSERT INTO Enterprise.ProductConfiguration (ProductConfigurationId,ConfigurationId,ProductSettingId,FromDate,ThruDate) VALUES(508	,90	,68		,'2017-06-23 20:43:17.247',NULL)
	INSERT INTO Enterprise.ProductConfiguration (ProductConfigurationId,ConfigurationId,ProductSettingId,FromDate,ThruDate) VALUES(509	,90	,69		,'2017-06-23 20:43:17.247',NULL)
	INSERT INTO Enterprise.ProductConfiguration (ProductConfigurationId,ConfigurationId,ProductSettingId,FromDate,ThruDate) VALUES(510	,90	,70		,'2017-06-23 20:43:17.247',NULL)
	INSERT INTO Enterprise.ProductConfiguration (ProductConfigurationId,ConfigurationId,ProductSettingId,FromDate,ThruDate) VALUES(511	,90	,1073	,'2017-06-23 20:43:17.247',NULL)
	INSERT INTO Enterprise.ProductConfiguration (ProductConfigurationId,ConfigurationId,ProductSettingId,FromDate,ThruDate) VALUES(512	,90	,1043	,'2017-06-23 20:43:17.247',NULL)
	INSERT INTO Enterprise.ProductConfiguration (ProductConfigurationId,ConfigurationId,ProductSettingId,FromDate,ThruDate) VALUES(563	,97	,1186	,'2017-06-23 20:52:46.310',NULL)
	INSERT INTO Enterprise.ProductConfiguration (ProductConfigurationId,ConfigurationId,ProductSettingId,FromDate,ThruDate) VALUES(564	,97	,1051	,'2017-06-23 20:52:46.310',NULL)
	INSERT INTO Enterprise.ProductConfiguration (ProductConfigurationId,ConfigurationId,ProductSettingId,FromDate,ThruDate) VALUES(565	,97	,1017	,'2017-06-23 20:52:46.310',NULL)
	INSERT INTO Enterprise.ProductConfiguration (ProductConfigurationId,ConfigurationId,ProductSettingId,FromDate,ThruDate) VALUES(566	,97	,1187	,'2017-06-23 20:52:46.310',NULL)
	INSERT INTO Enterprise.ProductConfiguration (ProductConfigurationId,ConfigurationId,ProductSettingId,FromDate,ThruDate) VALUES(567	,97	,1188	,'2017-06-23 20:52:46.310',NULL)
	INSERT INTO Enterprise.ProductConfiguration (ProductConfigurationId,ConfigurationId,ProductSettingId,FromDate,ThruDate) VALUES(568	,98	,1190	,'2017-06-23 20:53:24.673',NULL)
	INSERT INTO Enterprise.ProductConfiguration (ProductConfigurationId,ConfigurationId,ProductSettingId,FromDate,ThruDate) VALUES(569	,98	,1191	,'2017-06-23 20:53:24.673',NULL)
	INSERT INTO Enterprise.ProductConfiguration (ProductConfigurationId,ConfigurationId,ProductSettingId,FromDate,ThruDate) VALUES(570	,98	,1192	,'2017-06-23 20:53:24.673',NULL)
	INSERT INTO Enterprise.ProductConfiguration (ProductConfigurationId,ConfigurationId,ProductSettingId,FromDate,ThruDate) VALUES(571	,98	,1193	,'2017-06-23 20:53:24.673',NULL)
	INSERT INTO Enterprise.ProductConfiguration (ProductConfigurationId,ConfigurationId,ProductSettingId,FromDate,ThruDate) VALUES(572	,98	,1194	,'2017-06-23 20:53:24.673',NULL)
	INSERT INTO Enterprise.ProductConfiguration (ProductConfigurationId,ConfigurationId,ProductSettingId,FromDate,ThruDate) VALUES(573	,98	,1195	,'2017-06-23 20:53:24.673',NULL)
	INSERT INTO Enterprise.ProductConfiguration (ProductConfigurationId,ConfigurationId,ProductSettingId,FromDate,ThruDate) VALUES(574	,98	,1196	,'2017-06-23 20:53:24.673',NULL)
	INSERT INTO Enterprise.ProductConfiguration (ProductConfigurationId,ConfigurationId,ProductSettingId,FromDate,ThruDate) VALUES(575	,98	,1197	,'2017-06-23 20:53:24.673',NULL)
	INSERT INTO Enterprise.ProductConfiguration (ProductConfigurationId,ConfigurationId,ProductSettingId,FromDate,ThruDate) VALUES(576	,99	,1198	,'2017-06-23 20:54:00.447',NULL)
	INSERT INTO Enterprise.ProductConfiguration (ProductConfigurationId,ConfigurationId,ProductSettingId,FromDate,ThruDate) VALUES(577	,99	,1199	,'2017-06-23 20:54:00.447',NULL)
	INSERT INTO Enterprise.ProductConfiguration (ProductConfigurationId,ConfigurationId,ProductSettingId,FromDate,ThruDate) VALUES(578	,99	,1200	,'2017-06-23 20:54:00.447',NULL)
	INSERT INTO Enterprise.ProductConfiguration (ProductConfigurationId,ConfigurationId,ProductSettingId,FromDate,ThruDate) VALUES(579	,99	,1201	,'2017-06-23 20:54:00.447',NULL)
	INSERT INTO Enterprise.ProductConfiguration (ProductConfigurationId,ConfigurationId,ProductSettingId,FromDate,ThruDate) VALUES(580	,99	,1202	,'2017-06-23 20:54:00.447',NULL)
	INSERT INTO Enterprise.ProductConfiguration (ProductConfigurationId,ConfigurationId,ProductSettingId,FromDate,ThruDate) VALUES(581	,99	,1203	,'2017-06-23 20:54:00.447',NULL)
	INSERT INTO Enterprise.ProductConfiguration (ProductConfigurationId,ConfigurationId,ProductSettingId,FromDate,ThruDate) VALUES(582	,99	,1206	,'2017-06-23 20:54:00.447',NULL)
	INSERT INTO Enterprise.ProductConfiguration (ProductConfigurationId,ConfigurationId,ProductSettingId,FromDate,ThruDate) VALUES(583	,99	,1204	,'2017-06-23 20:54:00.447',NULL)
	INSERT INTO Enterprise.ProductConfiguration (ProductConfigurationId,ConfigurationId,ProductSettingId,FromDate,ThruDate) VALUES(584	,99	,1205	,'2017-06-23 20:54:00.447',NULL)
	SET IDENTITY_INSERT Enterprise.ProductConfiguration OFF

	INSERT INTO Person.Person (PartyId,Title,FirstName,MiddleName,LastName,Suffix,PreferredContactMethodId) VALUES(33,'SA I','James','X','Reames','Mr.',2)
	INSERT INTO Person.Person (PartyId,Title,FirstName,MiddleName,LastName,Suffix,PreferredContactMethodId) VALUES(36,NULL,'Michael',NULL,'Hart',NULL,1)

	SET IDENTITY_INSERT Person.PersonaEnvironmentType ON
	INSERT INTO Person.PersonaEnvironmentType (PersonaEnvironmentTypeID,Name) VALUES(1,'Production')
	INSERT INTO Person.PersonaEnvironmentType (PersonaEnvironmentTypeID,Name) VALUES(2,'UAT')
	SET IDENTITY_INSERT Person.PersonaEnvironmentType OFF

	SET IDENTITY_INSERT Person.Persona ON
	INSERT INTO Person.Persona( PersonaId, PersonPartyId, OrganizationPartyId, PersonaTypeId, PersonaEnvironmentTypeId, FromDate, ThruDate, IsDefault)
	VALUES(33, 33, 3, 1, 1, '2017-05-23 19:56:25.233', NULL, 1)
	INSERT INTO Person.Persona( PersonaId, PersonPartyId, OrganizationPartyId, PersonaTypeId, PersonaEnvironmentTypeId, FromDate, ThruDate, IsDefault)
	VALUES(36, 36, 3, 1, 1, '2017-05-23 19:56:25.233',NULL,1)
	SET IDENTITY_INSERT Person.Persona OFF 

	--INSERT INTO Person.ActivePersona(PartyId,PersonaId)	VALUES(33, 33)
	--INSERT INTO Person.ActivePersona(PartyId,PersonaId)	VALUES(36, 36)

	SET IDENTITY_INSERT Ident.SamlUserAttribute ON
	INSERT INTO Ident.SamlUserAttribute(SamlUserAttributeId, PersonaId, ProductId, SamlAttributeId, [Value], FromDate, ThruDate)
	VALUES(93, 33, 1, 1, 'jr', '2017-06-26 20:39:56.450', NULL)
	INSERT INTO Ident.SamlUserAttribute(SamlUserAttributeId, PersonaId, ProductId, SamlAttributeId, [Value], FromDate, ThruDate)
	VALUES(91, 33, 1, 3, '1192422', '2017-06-26 20:39:56.450', NULL)
	INSERT INTO Ident.SamlUserAttribute(SamlUserAttributeId, PersonaId, ProductId, SamlAttributeId, [Value], FromDate, ThruDate)
	VALUES(92, 33, 1, 4, '1192422|jreames', '2017-06-26 20:39:56.450', NULL)
	INSERT INTO Ident.SamlUserAttribute(SamlUserAttributeId, PersonaId, ProductId, SamlAttributeId, [Value], FromDate, ThruDate)
	VALUES(26, 33, 4, 1, 'tmilburn', '2017-06-26 20:39:56.450', NULL)
	INSERT INTO Ident.SamlUserAttribute(SamlUserAttributeId, PersonaId, ProductId, SamlAttributeId, [Value], FromDate, ThruDate)
	VALUES(27, 33, 4, 2, 'tmilburn', '2017-06-26 20:39:56.450', NULL)
	INSERT INTO Ident.SamlUserAttribute(SamlUserAttributeId, PersonaId, ProductId, SamlAttributeId, [Value], FromDate, ThruDate)
	VALUES(28, 33, 4, 3, 'tmilburn', '2017-06-26 20:39:56.450', NULL)
	INSERT INTO Ident.SamlUserAttribute(SamlUserAttributeId, PersonaId, ProductId, SamlAttributeId, [Value], FromDate, ThruDate)
	VALUES(29, 33, 4, 4, 'ysconfig|tmilburn', '2017-06-26 20:39:56.450', NULL)
	INSERT INTO Ident.SamlUserAttribute(SamlUserAttributeId, PersonaId, ProductId, SamlAttributeId, [Value], FromDate, ThruDate)
	VALUES(30, 33, 4, 6, '<SSOServiceProviders></SSOServiceProviders>', '2017-06-26 20:39:56.450', NULL)
	INSERT INTO Ident.SamlUserAttribute(SamlUserAttributeId, PersonaId, ProductId, SamlAttributeId, [Value], FromDate, ThruDate)
	VALUES(40, 33, 6, 1, 'vikingsyardi', '2017-06-26 20:39:56.450', NULL)
	INSERT INTO Ident.SamlUserAttribute(SamlUserAttributeId, PersonaId, ProductId, SamlAttributeId, [Value], FromDate, ThruDate)
	VALUES(39, 33, 6, 4, '34709', '2017-06-26 20:39:56.450', NULL)
	INSERT INTO Ident.SamlUserAttribute(SamlUserAttributeId, PersonaId, ProductId, SamlAttributeId, [Value], FromDate, ThruDate)
	VALUES(41, 33, 6, 5, 'H4sIAAAAAAAEAGNgZGBg+A8EIBoE2ECMVkab4GD/4NSisszk1ICi/LLMlNSiYjssggrFlcUlqbl+ibmptkr+eanBmSWpSgoliUXpqSWhRTm2SvquuQX55alFni7hqUmeKQFu+UW5xfo++emZefow9fp2NvrY7OMGAEo+zVaeAAAA', '2017-06-26 20:39:56.450', NULL)
	INSERT INTO Ident.SamlUserAttribute(SamlUserAttributeId, PersonaId, ProductId, SamlAttributeId, [Value], FromDate, ThruDate)
	VALUES(42, 33, 7, 1, 'ystest', '2017-06-26 20:39:56.450', NULL)
	INSERT INTO Ident.SamlUserAttribute(SamlUserAttributeId, PersonaId, ProductId, SamlAttributeId, [Value], FromDate, ThruDate)
	VALUES(43, 33, 7, 2, 'deiystest', '2017-06-26 20:39:56.450', NULL)
	INSERT INTO Ident.SamlUserAttribute(SamlUserAttributeId, PersonaId, ProductId, SamlAttributeId, [Value], FromDate, ThruDate)
	VALUES(44, 33, 7, 4, 'carterhaston|ystest', '2017-06-26 20:39:56.450', NULL)
	INSERT INTO Ident.SamlUserAttribute(SamlUserAttributeId, PersonaId, ProductId, SamlAttributeId, [Value], FromDate, ThruDate)
	VALUES(45, 33, 7, 6, '<SSOServiceProviders></SSOServiceProviders>', '2017-06-26 20:39:56.450', NULL)
	INSERT INTO Ident.SamlUserAttribute(SamlUserAttributeId, PersonaId, ProductId, SamlAttributeId, [Value], FromDate, ThruDate)
	VALUES(46, 33, 8, 1, 'nshukla', '2017-06-26 20:39:56.450', NULL)
	INSERT INTO Ident.SamlUserAttribute(SamlUserAttributeId, PersonaId, ProductId, SamlAttributeId, [Value], FromDate, ThruDate)
	VALUES(47, 33, 8, 4, 'RPI-Demo-QA:tdean', '2017-06-26 20:39:56.450', NULL)
	INSERT INTO Ident.SamlUserAttribute(SamlUserAttributeId, PersonaId, ProductId, SamlAttributeId, [Value], FromDate, ThruDate)
	VALUES(48, 33, 8, 6, '<SSOServiceProviders></SSOServiceProviders>', '2017-06-26 20:39:56.450', NULL)
	INSERT INTO Ident.SamlUserAttribute(SamlUserAttributeId, PersonaId, ProductId, SamlAttributeId, [Value], FromDate, ThruDate)
	VALUES(49, 33, 8, 7, 'James', '2017-06-26 20:39:56.450', NULL)
	INSERT INTO Ident.SamlUserAttribute(SamlUserAttributeId, PersonaId, ProductId, SamlAttributeId, [Value], FromDate, ThruDate)
	VALUES(50, 33, 8, 8, 'nshukla', '2017-06-26 20:39:56.450', NULL)
	INSERT INTO Ident.SamlUserAttribute(SamlUserAttributeId, PersonaId, ProductId, SamlAttributeId, [Value], FromDate, ThruDate)
	VALUES(51, 33, 8, 9, 'Nirmal.Shukla@RealPage.com', '2017-06-26 20:39:56.450', NULL)
	INSERT INTO Ident.SamlUserAttribute(SamlUserAttributeId, PersonaId, ProductId, SamlAttributeId, [Value], FromDate, ThruDate)
	VALUES(52, 33, 9, 1, 'rhurn2@yahoo.com', '2017-06-26 20:39:56.450', NULL)
	INSERT INTO Ident.SamlUserAttribute(SamlUserAttributeId, PersonaId, ProductId, SamlAttributeId, [Value], FromDate, ThruDate)
	VALUES(112, 33, 9, 4, '1038076553', '2017-07-02 17:25:05.130', NULL)
	INSERT INTO Ident.SamlUserAttribute(SamlUserAttributeId, PersonaId, ProductId, SamlAttributeId, [Value], FromDate, ThruDate)
	VALUES(55, 33, 10, 1, 'RPSSO_4', '2017-06-26 20:39:56.450', NULL)
	INSERT INTO Ident.SamlUserAttribute(SamlUserAttributeId, PersonaId, ProductId, SamlAttributeId, [Value], FromDate, ThruDate)
	VALUES(56, 33, 10, 4, '50380', '2017-06-26 20:39:56.450', NULL)
	INSERT INTO Ident.SamlUserAttribute(SamlUserAttributeId, PersonaId, ProductId, SamlAttributeId, [Value], FromDate, ThruDate)
	VALUES(57, 33, 10, 5, 'H4sIAAAAAAAEAGNgZGBg+A8EIBoE2ECMVkab4GD/4NSisszk1ICi/LLMlNSiYjssggrFlcUlqbl+ibmptkr+eanBmSWpSgoliUXpqSWhRTm2SvquuQX55alFni7hqUmeKQFu+UW5xfo++emZefow9fp2NvrY7OMGAEo+zVaeAAAA', '2017-06-26 20:39:56.450', NULL)
	INSERT INTO Ident.SamlUserAttribute(SamlUserAttributeId, PersonaId, ProductId, SamlAttributeId, [Value], FromDate, ThruDate)
	VALUES(62, 33, 13, 1, 'testadmin', '2017-06-26 20:39:56.450', NULL)
	INSERT INTO Ident.SamlUserAttribute(SamlUserAttributeId, PersonaId, ProductId, SamlAttributeId, [Value], FromDate, ThruDate)
	VALUES(63, 33, 13, 2, 'testadmin', '2017-06-26 20:39:56.450', NULL)
	INSERT INTO Ident.SamlUserAttribute(SamlUserAttributeId, PersonaId, ProductId, SamlAttributeId, [Value], FromDate, ThruDate)
	VALUES(64, 33, 13, 4, '64312', '2017-06-26 20:39:56.450', NULL)
	INSERT INTO Ident.SamlUserAttribute(SamlUserAttributeId, PersonaId, ProductId, SamlAttributeId, [Value], FromDate, ThruDate)
	VALUES(65, 33, 13, 6, '<SSOServiceProviders></SSOServiceProviders>', '2017-06-26 20:39:56.450', NULL)
	INSERT INTO Ident.SamlUserAttribute(SamlUserAttributeId, PersonaId, ProductId, SamlAttributeId, [Value], FromDate, ThruDate)
	VALUES(66, 33, 14, 1, 'joshua.duer@mailinator.com', '2017-06-26 20:39:56.450', NULL)
	INSERT INTO Ident.SamlUserAttribute(SamlUserAttributeId, PersonaId, ProductId, SamlAttributeId, [Value], FromDate, ThruDate)
	VALUES(67, 33, 14, 10, '060000000005YDy', '2017-06-26 20:39:56.450', NULL)
	INSERT INTO Ident.SamlUserAttribute(SamlUserAttributeId, PersonaId, ProductId, SamlAttributeId, [Value], FromDate, ThruDate)
	VALUES(68, 33, 14, 11, '00D3C000000H2xW', '2017-06-26 20:39:56.450', NULL)
	INSERT INTO Ident.SamlUserAttribute(SamlUserAttributeId, PersonaId, ProductId, SamlAttributeId, [Value], FromDate, ThruDate)
	VALUES(94, 33, 15, 1, 'testrentersinsurance', '2017-06-26 20:39:56.450', NULL)
	INSERT INTO Ident.SamlUserAttribute(SamlUserAttributeId, PersonaId, ProductId, SamlAttributeId, [Value], FromDate, ThruDate)
	VALUES(76, 33, 16, 4, 'abanks', '2017-06-26 20:39:56.450', NULL)
	INSERT INTO Ident.SamlUserAttribute(SamlUserAttributeId, PersonaId, ProductId, SamlAttributeId, [Value], FromDate, ThruDate)
	VALUES(77, 33, 17, 1, 'ricky.bobby@example.org', '2017-06-26 20:39:56.450', NULL)
	INSERT INTO Ident.SamlUserAttribute(SamlUserAttributeId, PersonaId, ProductId, SamlAttributeId, [Value], FromDate, ThruDate)
	VALUES(78, 33, 17, 4, '37', '2017-06-26 20:39:56.450', NULL)
	INSERT INTO Ident.SamlUserAttribute(SamlUserAttributeId, PersonaId, ProductId, SamlAttributeId, [Value], FromDate, ThruDate)
	VALUES(79, 33, 18, 1, 'nwp@test.com', '2017-06-26 20:39:56.450', NULL)
	INSERT INTO Ident.SamlUserAttribute(SamlUserAttributeId, PersonaId, ProductId, SamlAttributeId, [Value], FromDate, ThruDate)
	VALUES(80, 33, 18, 4, '38155', '2017-06-26 20:39:56.450', NULL)
	INSERT INTO Ident.SamlUserAttribute(SamlUserAttributeId, PersonaId, ProductId, SamlAttributeId, [Value], FromDate, ThruDate)
	VALUES(95, 33, 19, 1, 'james@test.com', '2017-06-26 20:39:56.450', NULL)
	INSERT INTO Ident.SamlUserAttribute(SamlUserAttributeId, PersonaId, ProductId, SamlAttributeId, [Value], FromDate, ThruDate)
	VALUES(99, 33, 20, 1, 'idocuser', '2017-06-26 20:39:56.450', NULL)
	INSERT INTO Ident.SamlUserAttribute(SamlUserAttributeId, PersonaId, ProductId, SamlAttributeId, [Value], FromDate, ThruDate)
	VALUES(96, 33, 21, 1, 'jr', '2017-06-26 20:39:56.450', NULL)
	INSERT INTO Ident.SamlUserAttribute(SamlUserAttributeId, PersonaId, ProductId, SamlAttributeId, [Value], FromDate, ThruDate)
	VALUES(97, 33, 21, 3, '1170313', '2017-06-26 20:39:56.450', NULL)
	INSERT INTO Ident.SamlUserAttribute(SamlUserAttributeId, PersonaId, ProductId, SamlAttributeId, [Value], FromDate, ThruDate)
	VALUES(98, 33, 21, 4, '1170313|user_1', '2017-06-26 20:39:56.450', NULL)
	INSERT INTO Ident.SamlUserAttribute(SamlUserAttributeId, PersonaId, ProductId, SamlAttributeId, [Value], FromDate, ThruDate)
	VALUES(11, 36, 1, 1, 'Michael', '2017-06-26 20:39:56.450', NULL)
	INSERT INTO Ident.SamlUserAttribute(SamlUserAttributeId, PersonaId, ProductId, SamlAttributeId, [Value], FromDate, ThruDate)
	VALUES(12, 36, 1, 2, 'mhart34', '2017-06-26 20:39:56.450', NULL)
	INSERT INTO Ident.SamlUserAttribute(SamlUserAttributeId, PersonaId, ProductId, SamlAttributeId, [Value], FromDate, ThruDate)
	VALUES(13, 36, 1, 3, '1192422', '2017-06-26 20:39:56.450', NULL)
	INSERT INTO Ident.SamlUserAttribute(SamlUserAttributeId, PersonaId, ProductId, SamlAttributeId, [Value], FromDate, ThruDate)
	VALUES(14, 36, 1, 4, '1192422|mhart34', '2017-06-26 20:39:56.450', NULL)
	INSERT INTO Ident.SamlUserAttribute(SamlUserAttributeId, PersonaId, ProductId, SamlAttributeId, [Value], FromDate, ThruDate)
	VALUES(15, 36, 1, 5, 'H4sIAAAAAAAEAGNgZGBg+A8EIBoE2ECMVkab4GD/4NSisszk1ICi/LLMlNSiYjssggrFlcUlqbl+ibmptkr+eanBmSWpSgoliUXpqSWhRTm2SvquuQX55alFni7hqUmeKQFu+UW5xfo++emZefow9fp2NvrY7OMGAEo+zVaeAAAA', '2017-06-26 20:39:56.450', NULL)
	INSERT INTO Ident.SamlUserAttribute(SamlUserAttributeId, PersonaId, ProductId, SamlAttributeId, [Value], FromDate, ThruDate)
	VALUES(111, 36, 8, 1, 'mhart1', '2017-06-30 22:32:36.633', NULL)
	INSERT INTO Ident.SamlUserAttribute(SamlUserAttributeId, PersonaId, ProductId, SamlAttributeId, [Value], FromDate, ThruDate)
	VALUES(110, 36, 8, 4, 'RPI-Demo-QA|mhart1', '2017-06-30 22:32:33.700', NULL)
	INSERT INTO Ident.SamlUserAttribute(SamlUserAttributeId, PersonaId, ProductId, SamlAttributeId, [Value], FromDate, ThruDate)
	VALUES(114, 36, 9, 1, 'michael.hart@realpage.com', '2017-07-03 13:42:22.590', NULL)
	INSERT INTO Ident.SamlUserAttribute(SamlUserAttributeId, PersonaId, ProductId, SamlAttributeId, [Value], FromDate, ThruDate)
	VALUES(115, 36, 9, 4, '1107276854', '2017-07-03 13:42:28.680', NULL)
	SET IDENTITY_INSERT Ident.SamlUserAttribute OFF

	SET IDENTITY_INSERT Enterprise.PersonaConfiguration ON
	INSERT INTO Enterprise.PersonaConfiguration (PersonaConfigurationId,PersonaId,ConfigurationId,ProductId,FromDate,ThruDate) VALUES(15,33,3,1,'2017-05-25 00:00:00.000',NULL)
	INSERT INTO Enterprise.PersonaConfiguration (PersonaConfigurationId,PersonaId,ConfigurationId,ProductId,FromDate,ThruDate) VALUES(16,33,38,4,'2017-06-15 11:35:25.397',NULL)
	INSERT INTO Enterprise.PersonaConfiguration (PersonaConfigurationId,PersonaId,ConfigurationId,ProductId,FromDate,ThruDate) VALUES(17,33,39,6,'2017-06-15 11:36:07.620',NULL)
	INSERT INTO Enterprise.PersonaConfiguration (PersonaConfigurationId,PersonaId,ConfigurationId,ProductId,FromDate,ThruDate) VALUES(18,33,40,7,'2017-06-15 11:36:34.497',NULL)
	INSERT INTO Enterprise.PersonaConfiguration (PersonaConfigurationId,PersonaId,ConfigurationId,ProductId,FromDate,ThruDate) VALUES(19,33,41,8,'2017-06-15 11:37:07.867',NULL)
	INSERT INTO Enterprise.PersonaConfiguration (PersonaConfigurationId,PersonaId,ConfigurationId,ProductId,FromDate,ThruDate) VALUES(20,33,42,9,'2017-06-15 11:37:39.263',NULL)
	INSERT INTO Enterprise.PersonaConfiguration (PersonaConfigurationId,PersonaId,ConfigurationId,ProductId,FromDate,ThruDate) VALUES(21,33,43,10,'2017-06-15 00:00:00.000',NULL)
	INSERT INTO Enterprise.PersonaConfiguration (PersonaConfigurationId,PersonaId,ConfigurationId,ProductId,FromDate,ThruDate) VALUES(22,33,44,13,'2017-06-15 11:38:52.913',NULL)
	INSERT INTO Enterprise.PersonaConfiguration (PersonaConfigurationId,PersonaId,ConfigurationId,ProductId,FromDate,ThruDate) VALUES(23,33,45,16,'2017-06-15 11:39:52.167',NULL)
	INSERT INTO Enterprise.PersonaConfiguration (PersonaConfigurationId,PersonaId,ConfigurationId,ProductId,FromDate,ThruDate) VALUES(24,33,46,17,'2017-06-15 11:40:07.490',NULL)
	INSERT INTO Enterprise.PersonaConfiguration (PersonaConfigurationId,PersonaId,ConfigurationId,ProductId,FromDate,ThruDate) VALUES(25,33,48,18,'2017-06-15 11:47:54.343',NULL)
	INSERT INTO Enterprise.PersonaConfiguration (PersonaConfigurationId,PersonaId,ConfigurationId,ProductId,FromDate,ThruDate) VALUES(28,33,102,14,'2017-06-27 18:19:07.373',NULL)
	INSERT INTO Enterprise.PersonaConfiguration (PersonaConfigurationId,PersonaId,ConfigurationId,ProductId,FromDate,ThruDate) VALUES(29,33,103,15,'2017-06-27 18:19:07.390',NULL)
	INSERT INTO Enterprise.PersonaConfiguration (PersonaConfigurationId,PersonaId,ConfigurationId,ProductId,FromDate,ThruDate) VALUES(30,33,104,19,'2017-06-27 18:19:07.390',NULL)
	INSERT INTO Enterprise.PersonaConfiguration (PersonaConfigurationId,PersonaId,ConfigurationId,ProductId,FromDate,ThruDate) VALUES(31,33,105,20,'2017-06-27 18:19:07.407',NULL)
	INSERT INTO Enterprise.PersonaConfiguration (PersonaConfigurationId,PersonaId,ConfigurationId,ProductId,FromDate,ThruDate) VALUES(32,33,106,21,'2017-06-27 18:19:07.407',NULL)
	INSERT INTO Enterprise.PersonaConfiguration (PersonaConfigurationId,PersonaId,ConfigurationId,ProductId,FromDate,ThruDate) VALUES(33,36,107,1,'2017-06-27 18:19:07.420',NULL)
	SET IDENTITY_INSERT Enterprise.PersonaConfiguration OFF

	SET IDENTITY_INSERT Ident.PasswordPolicy ON 
	INSERT INTO Ident.PasswordPolicy (PasswordPolicyId, PartyId, MinimumLength, MaximumLength, MinimumLowercase, MinimumUppercase, MinimumNumeric, MinimumSpecialCharacter, AllowUsersToChangeOwnPassword, EnablePasswordExpiration, PasswordExpirationPeriodInDays, PreventPasswordReuse, NumberOfPasswordsToRemember, UserId) VALUES (3, 3, 8, 20, 1, 1, 1, 1, 1, 1, 30, 1, 5, 11)
	INSERT INTO Ident.PasswordPolicy (PasswordPolicyId, PartyId, MinimumLength, MaximumLength, MinimumLowercase, MinimumUppercase, MinimumNumeric, MinimumSpecialCharacter, AllowUsersToChangeOwnPassword, EnablePasswordExpiration, PasswordExpirationPeriodInDays, PreventPasswordReuse, NumberOfPasswordsToRemember, UserId) VALUES (4, 4, 8, 20, 1, 1, 1, 1, 1, 1, 30, 1, 5, 2)
	INSERT INTO Ident.PasswordPolicy (PasswordPolicyId, PartyId, MinimumLength, MaximumLength, MinimumLowercase, MinimumUppercase, MinimumNumeric, MinimumSpecialCharacter, AllowUsersToChangeOwnPassword, EnablePasswordExpiration, PasswordExpirationPeriodInDays, PreventPasswordReuse, NumberOfPasswordsToRemember, UserId) VALUES (5, 5, 8, 20, 1, 1, 1, 1, 1, 1, 30, 1, 5, 2)
	INSERT INTO Ident.PasswordPolicy (PasswordPolicyId, PartyId, MinimumLength, MaximumLength, MinimumLowercase, MinimumUppercase, MinimumNumeric, MinimumSpecialCharacter, AllowUsersToChangeOwnPassword, EnablePasswordExpiration, PasswordExpirationPeriodInDays, PreventPasswordReuse, NumberOfPasswordsToRemember, UserId) VALUES (6, 6, 8, 20, 1, 1, 1, 1, 1, 1, 30, 1, 5, 2)
	INSERT INTO Ident.PasswordPolicy (PasswordPolicyId, PartyId, MinimumLength, MaximumLength, MinimumLowercase, MinimumUppercase, MinimumNumeric, MinimumSpecialCharacter, AllowUsersToChangeOwnPassword, EnablePasswordExpiration, PasswordExpirationPeriodInDays, PreventPasswordReuse, NumberOfPasswordsToRemember, UserId) VALUES (7, 11, 8, 20, 1, 1, 1, 1, 1, 1, 30, 1, 5, 2)
	INSERT INTO Ident.PasswordPolicy (PasswordPolicyId, PartyId, MinimumLength, MaximumLength, MinimumLowercase, MinimumUppercase, MinimumNumeric, MinimumSpecialCharacter, AllowUsersToChangeOwnPassword, EnablePasswordExpiration, PasswordExpirationPeriodInDays, PreventPasswordReuse, NumberOfPasswordsToRemember, UserId) VALUES (8, 16, 8, 20, 1, 1, 1, 1, 1, 1, 30, 1, 5, 2)
	SET IDENTITY_INSERT Ident.PasswordPolicy OFF 
	
	EXEC sys.sp_updateextendedproperty @name=N'Build', @value='1'
	